kernel,runtime,gpu,collapse,num_teams,num_threads,mem_to,mem_alloc,mem_from,mem_delete,num_var,N1,N2
transpose_kernel_cpu,85025,0,1,1,28,0,0,0,0,2,10000,10000
transpose_kernel_cpu_collapse,51106,0,2,1,28,0,0,0,0,2,10000,10000
transpose_kernel_gpu_mem,421137,1,1,79,128,800000008,800000000,800000008,800000000,2,10000,10000
transpose_kernel_gpu_collapse_mem,443192,1,2,781250,128,800000008,800000000,800000008,800000000,2,10000,10000
transpose_kernel_gpu,69610,1,1,79,128,8,0,8,0,2,10000,10000
transpose_kernel_gpu_collapse,30468,1,2,781250,128,8,0,8,0,2,10000,10000
transpose_kernel_cpu,14321,0,1,1,28,0,0,0,0,2,10000,1000
transpose_kernel_cpu_collapse,8731,0,2,1,28,0,0,0,0,2,10000,1000
transpose_kernel_gpu_mem,55488,1,1,8,128,80000008,80000000,80000008,80000000,2,10000,1000
transpose_kernel_gpu_collapse_mem,50888,1,2,78125,128,80000008,80000000,80000008,80000000,2,10000,1000
transpose_kernel_gpu,15221,1,1,8,128,8,0,8,0,2,10000,1000
transpose_kernel_gpu_collapse,4292,1,2,78125,128,8,0,8,0,2,10000,1000
transpose_kernel_cpu,5801,0,1,1,28,0,0,0,0,2,10000,100
transpose_kernel_cpu_collapse,701,0,2,1,28,0,0,0,0,2,10000,100
transpose_kernel_gpu_mem,20177,1,1,1,128,8000008,8000000,8000008,8000000,2,10000,100
transpose_kernel_gpu_collapse_mem,5872,1,2,7813,128,8000008,8000000,8000008,8000000,2,10000,100
transpose_kernel_gpu,14634,1,1,1,128,8,0,8,0,2,10000,100
transpose_kernel_gpu_collapse,481,1,2,7813,128,8,0,8,0,2,10000,100
transpose_kernel_cpu,17654,0,1,1,28,0,0,0,0,2,10000,1100
transpose_kernel_cpu_collapse,6308,0,2,1,28,0,0,0,0,2,10000,1100
transpose_kernel_gpu_mem,54414,1,1,9,128,88000008,88000000,88000008,88000000,2,10000,1100
transpose_kernel_gpu_collapse_mem,52927,1,2,85938,128,88000008,88000000,88000008,88000000,2,10000,1100
transpose_kernel_gpu,15327,1,1,9,128,8,0,8,0,2,10000,1100
transpose_kernel_gpu_collapse,4727,1,2,85938,128,8,0,8,0,2,10000,1100
transpose_kernel_cpu,14008,0,1,1,28,0,0,0,0,2,10000,1200
transpose_kernel_cpu_collapse,9196,0,2,1,28,0,0,0,0,2,10000,1200
transpose_kernel_gpu_mem,61801,1,1,10,128,96000008,96000000,96000008,96000000,2,10000,1200
transpose_kernel_gpu_collapse_mem,60775,1,2,93750,128,96000008,96000000,96000008,96000000,2,10000,1200
transpose_kernel_gpu,15289,1,1,10,128,8,0,8,0,2,10000,1200
transpose_kernel_gpu_collapse,5004,1,2,93750,128,8,0,8,0,2,10000,1200
transpose_kernel_cpu,18173,0,1,1,28,0,0,0,0,2,10000,1300
transpose_kernel_cpu_collapse,7727,0,2,1,28,0,0,0,0,2,10000,1300
transpose_kernel_gpu_mem,61567,1,1,11,128,104000008,104000000,104000008,104000000,2,10000,1300
transpose_kernel_gpu_collapse_mem,62327,1,2,101563,128,104000008,104000000,104000008,104000000,2,10000,1300
transpose_kernel_gpu,13984,1,1,11,128,8,0,8,0,2,10000,1300
transpose_kernel_gpu_collapse,4969,1,2,101563,128,8,0,8,0,2,10000,1300
transpose_kernel_cpu,19657,0,1,1,28,0,0,0,0,2,10000,1400
transpose_kernel_cpu_collapse,10891,0,2,1,28,0,0,0,0,2,10000,1400
transpose_kernel_gpu_mem,69541,1,1,11,128,112000008,112000000,112000008,112000000,2,10000,1400
transpose_kernel_gpu_collapse_mem,71008,1,2,109375,128,112000008,112000000,112000008,112000000,2,10000,1400
transpose_kernel_gpu,15552,1,1,11,128,8,0,8,0,2,10000,1400
transpose_kernel_gpu_collapse,5356,1,2,109375,128,8,0,8,0,2,10000,1400
transpose_kernel_cpu,16656,0,1,1,28,0,0,0,0,2,10000,1500
transpose_kernel_cpu_collapse,15706,0,2,1,28,0,0,0,0,2,10000,1500
transpose_kernel_gpu_mem,67993,1,1,12,128,120000008,120000000,120000008,120000000,2,10000,1500
transpose_kernel_gpu_collapse_mem,70885,1,2,117188,128,120000008,120000000,120000008,120000000,2,10000,1500
transpose_kernel_gpu,14135,1,1,12,128,8,0,8,0,2,10000,1500
transpose_kernel_gpu_collapse,5889,1,2,117188,128,8,0,8,0,2,10000,1500
transpose_kernel_cpu,24900,0,1,1,28,0,0,0,0,2,10000,1600
transpose_kernel_cpu_collapse,21075,0,2,1,28,0,0,0,0,2,10000,1600
transpose_kernel_gpu_mem,71645,1,1,13,128,128000008,128000000,128000008,128000000,2,10000,1600
transpose_kernel_gpu_collapse_mem,76998,1,2,125000,128,128000008,128000000,128000008,128000000,2,10000,1600
transpose_kernel_gpu,14050,1,1,13,128,8,0,8,0,2,10000,1600
transpose_kernel_gpu_collapse,6406,1,2,125000,128,8,0,8,0,2,10000,1600
transpose_kernel_cpu,17016,0,1,1,28,0,0,0,0,2,10000,1700
transpose_kernel_cpu_collapse,16278,0,2,1,28,0,0,0,0,2,10000,1700
transpose_kernel_gpu_mem,79747,1,1,14,128,136000008,136000000,136000008,136000000,2,10000,1700
transpose_kernel_gpu_collapse_mem,85752,1,2,132813,128,136000008,136000000,136000008,136000000,2,10000,1700
transpose_kernel_gpu,14318,1,1,14,128,8,0,8,0,2,10000,1700
transpose_kernel_gpu_collapse,6432,1,2,132813,128,8,0,8,0,2,10000,1700
transpose_kernel_cpu,21028,0,1,1,28,0,0,0,0,2,10000,1800
transpose_kernel_cpu_collapse,16246,0,2,1,28,0,0,0,0,2,10000,1800
transpose_kernel_gpu_mem,83381,1,1,15,128,144000008,144000000,144000008,144000000,2,10000,1800
transpose_kernel_gpu_collapse_mem,89467,1,2,140625,128,144000008,144000000,144000008,144000000,2,10000,1800
transpose_kernel_gpu,14421,1,1,15,128,8,0,8,0,2,10000,1800
transpose_kernel_gpu_collapse,6999,1,2,140625,128,8,0,8,0,2,10000,1800
transpose_kernel_cpu,20716,0,1,1,28,0,0,0,0,2,10000,1900
transpose_kernel_cpu_collapse,10273,0,2,1,28,0,0,0,0,2,10000,1900
transpose_kernel_gpu_mem,81388,1,1,15,128,152000008,152000000,152000008,152000000,2,10000,1900
transpose_kernel_gpu_collapse_mem,86768,1,2,148438,128,152000008,152000000,152000008,152000000,2,10000,1900
transpose_kernel_gpu,13890,1,1,15,128,8,0,8,0,2,10000,1900
transpose_kernel_gpu_collapse,6234,1,2,148438,128,8,0,8,0,2,10000,1900
transpose_kernel_cpu,21016,0,1,1,28,0,0,0,0,2,10000,2000
transpose_kernel_cpu_collapse,13536,0,2,1,28,0,0,0,0,2,10000,2000
transpose_kernel_gpu_mem,90544,1,1,16,128,160000008,160000000,160000008,160000000,2,10000,2000
transpose_kernel_gpu_collapse_mem,98508,1,2,156250,128,160000008,160000000,160000008,160000000,2,10000,2000
transpose_kernel_gpu,14618,1,1,16,128,8,0,8,0,2,10000,2000
transpose_kernel_gpu_collapse,6895,1,2,156250,128,8,0,8,0,2,10000,2000
transpose_kernel_cpu,6815,0,1,1,28,0,0,0,0,2,10000,200
transpose_kernel_cpu_collapse,538,0,2,1,28,0,0,0,0,2,10000,200
transpose_kernel_gpu_mem,23538,1,1,2,128,16000008,16000000,16000008,16000000,2,10000,200
transpose_kernel_gpu_collapse_mem,10583,1,2,15625,128,16000008,16000000,16000008,16000000,2,10000,200
transpose_kernel_gpu,14517,1,1,2,128,8,0,8,0,2,10000,200
transpose_kernel_gpu_collapse,883,1,2,15625,128,8,0,8,0,2,10000,200
transpose_kernel_cpu,27514,0,1,1,28,0,0,0,0,2,10000,2100
transpose_kernel_cpu_collapse,11817,0,2,1,28,0,0,0,0,2,10000,2100
transpose_kernel_gpu_mem,89097,1,1,17,128,168000008,168000000,168000008,168000000,2,10000,2100
transpose_kernel_gpu_collapse_mem,98899,1,2,164063,128,168000008,168000000,168000008,168000000,2,10000,2100
transpose_kernel_gpu,15977,1,1,17,128,8,0,8,0,2,10000,2100
transpose_kernel_gpu_collapse,7728,1,2,164063,128,8,0,8,0,2,10000,2100
transpose_kernel_cpu,23453,0,1,1,28,0,0,0,0,2,10000,2200
transpose_kernel_cpu_collapse,10614,0,2,1,28,0,0,0,0,2,10000,2200
transpose_kernel_gpu_mem,92572,1,1,18,128,176000008,176000000,176000008,176000000,2,10000,2200
transpose_kernel_gpu_collapse_mem,104783,1,2,171875,128,176000008,176000000,176000008,176000000,2,10000,2200
transpose_kernel_gpu,15050,1,1,18,128,8,0,8,0,2,10000,2200
transpose_kernel_gpu_collapse,8337,1,2,171875,128,8,0,8,0,2,10000,2200
transpose_kernel_cpu,22771,0,1,1,28,0,0,0,0,2,10000,2300
transpose_kernel_cpu_collapse,22798,0,2,1,28,0,0,0,0,2,10000,2300
transpose_kernel_gpu_mem,102777,1,1,18,128,184000008,184000000,184000008,184000000,2,10000,2300
transpose_kernel_gpu_collapse_mem,115699,1,2,179688,128,184000008,184000000,184000008,184000000,2,10000,2300
transpose_kernel_gpu,15333,1,1,18,128,8,0,8,0,2,10000,2300
transpose_kernel_gpu_collapse,7959,1,2,179688,128,8,0,8,0,2,10000,2300
transpose_kernel_cpu,38588,0,1,1,28,0,0,0,0,2,10000,2400
transpose_kernel_cpu_collapse,22848,0,2,1,28,0,0,0,0,2,10000,2400
transpose_kernel_gpu_mem,95438,1,1,19,128,192000008,192000000,192000008,192000000,2,10000,2400
transpose_kernel_gpu_collapse_mem,111595,1,2,187500,128,192000008,192000000,192000008,192000000,2,10000,2400
transpose_kernel_gpu,14797,1,1,19,128,8,0,8,0,2,10000,2400
transpose_kernel_gpu_collapse,9947,1,2,187500,128,8,0,8,0,2,10000,2400
transpose_kernel_cpu,19654,0,1,1,28,0,0,0,0,2,10000,2500
transpose_kernel_cpu_collapse,14236,0,2,1,28,0,0,0,0,2,10000,2500
transpose_kernel_gpu_mem,103816,1,1,20,128,200000008,200000000,200000008,200000000,2,10000,2500
transpose_kernel_gpu_collapse_mem,116244,1,2,195313,128,200000008,200000000,200000008,200000000,2,10000,2500
transpose_kernel_gpu,15789,1,1,20,128,8,0,8,0,2,10000,2500
transpose_kernel_gpu_collapse,8659,1,2,195313,128,8,0,8,0,2,10000,2500
transpose_kernel_cpu,22864,0,1,1,28,0,0,0,0,2,10000,2600
transpose_kernel_cpu_collapse,13543,0,2,1,28,0,0,0,0,2,10000,2600
transpose_kernel_gpu_mem,103003,1,1,21,128,208000008,208000000,208000008,208000000,2,10000,2600
transpose_kernel_gpu_collapse_mem,115981,1,2,203125,128,208000008,208000000,208000008,208000000,2,10000,2600
transpose_kernel_gpu,14699,1,1,21,128,8,0,8,0,2,10000,2600
transpose_kernel_gpu_collapse,8339,1,2,203125,128,8,0,8,0,2,10000,2600
transpose_kernel_cpu,27124,0,1,1,28,0,0,0,0,2,10000,2700
transpose_kernel_cpu_collapse,25388,0,2,1,28,0,0,0,0,2,10000,2700
transpose_kernel_gpu_mem,104524,1,1,22,128,216000008,216000000,216000008,216000000,2,10000,2700
transpose_kernel_gpu_collapse_mem,117049,1,2,210938,128,216000008,216000000,216000008,216000000,2,10000,2700
transpose_kernel_gpu,13626,1,1,22,128,8,0,8,0,2,10000,2700
transpose_kernel_gpu_collapse,8560,1,2,210938,128,8,0,8,0,2,10000,2700
transpose_kernel_cpu,21434,0,1,1,28,0,0,0,0,2,10000,2800
transpose_kernel_cpu_collapse,14376,0,2,1,28,0,0,0,0,2,10000,2800
transpose_kernel_gpu_mem,114046,1,1,22,128,224000008,224000000,224000008,224000000,2,10000,2800
transpose_kernel_gpu_collapse_mem,132040,1,2,218750,128,224000008,224000000,224000008,224000000,2,10000,2800
transpose_kernel_gpu,16266,1,1,22,128,8,0,8,0,2,10000,2800
transpose_kernel_gpu_collapse,9709,1,2,218750,128,8,0,8,0,2,10000,2800
transpose_kernel_cpu,28930,0,1,1,28,0,0,0,0,2,10000,2900
transpose_kernel_cpu_collapse,22003,0,2,1,28,0,0,0,0,2,10000,2900
transpose_kernel_gpu_mem,140316,1,1,23,128,232000008,232000000,232000008,232000000,2,10000,2900
transpose_kernel_gpu_collapse_mem,156759,1,2,226563,128,232000008,232000000,232000008,232000000,2,10000,2900
transpose_kernel_gpu,17314,1,1,23,128,8,0,8,0,2,10000,2900
transpose_kernel_gpu_collapse,10098,1,2,226563,128,8,0,8,0,2,10000,2900
transpose_kernel_cpu,22779,0,1,1,28,0,0,0,0,2,10000,3000
transpose_kernel_cpu_collapse,15851,0,2,1,28,0,0,0,0,2,10000,3000
transpose_kernel_gpu_mem,124048,1,1,24,128,240000008,240000000,240000008,240000000,2,10000,3000
transpose_kernel_gpu_collapse_mem,141566,1,2,234375,128,240000008,240000000,240000008,240000000,2,10000,3000
transpose_kernel_gpu,14411,1,1,24,128,8,0,8,0,2,10000,3000
transpose_kernel_gpu_collapse,9141,1,2,234375,128,8,0,8,0,2,10000,3000
transpose_kernel_cpu,7205,0,1,1,28,0,0,0,0,2,10000,300
transpose_kernel_cpu_collapse,1610,0,2,1,28,0,0,0,0,2,10000,300
transpose_kernel_gpu_mem,27885,1,1,3,128,24000008,24000000,24000008,24000000,2,10000,300
transpose_kernel_gpu_collapse_mem,15687,1,2,23438,128,24000008,24000000,24000008,24000000,2,10000,300
transpose_kernel_gpu,14968,1,1,3,128,8,0,8,0,2,10000,300
transpose_kernel_gpu_collapse,1333,1,2,23438,128,8,0,8,0,2,10000,300
transpose_kernel_cpu,25709,0,1,1,28,0,0,0,0,2,10000,3100
transpose_kernel_cpu_collapse,15955,0,2,1,28,0,0,0,0,2,10000,3100
transpose_kernel_gpu_mem,123864,1,1,25,128,248000008,248000000,248000008,248000000,2,10000,3100
transpose_kernel_gpu_collapse_mem,150320,1,2,242188,128,248000008,248000000,248000008,248000000,2,10000,3100
transpose_kernel_gpu,18859,1,1,25,128,8,0,8,0,2,10000,3100
transpose_kernel_gpu_collapse,10761,1,2,242188,128,8,0,8,0,2,10000,3100
transpose_kernel_cpu,26728,0,1,1,28,0,0,0,0,2,10000,3200
transpose_kernel_cpu_collapse,22096,0,2,1,28,0,0,0,0,2,10000,3200
transpose_kernel_gpu_mem,124866,1,1,25,128,256000008,256000000,256000008,256000000,2,10000,3200
transpose_kernel_gpu_collapse_mem,147356,1,2,250000,128,256000008,256000000,256000008,256000000,2,10000,3200
transpose_kernel_gpu,16449,1,1,25,128,8,0,8,0,2,10000,3200
transpose_kernel_gpu_collapse,11046,1,2,250000,128,8,0,8,0,2,10000,3200
transpose_kernel_cpu,30995,0,1,1,28,0,0,0,0,2,10000,3300
transpose_kernel_cpu_collapse,17371,0,2,1,28,0,0,0,0,2,10000,3300
transpose_kernel_gpu_mem,131690,1,1,26,128,264000008,264000000,264000008,264000000,2,10000,3300
transpose_kernel_gpu_collapse_mem,149054,1,2,257813,128,264000008,264000000,264000008,264000000,2,10000,3300
transpose_kernel_gpu,16453,1,1,26,128,8,0,8,0,2,10000,3300
transpose_kernel_gpu_collapse,10394,1,2,257813,128,8,0,8,0,2,10000,3300
transpose_kernel_cpu,32387,0,1,1,28,0,0,0,0,2,10000,3400
transpose_kernel_cpu_collapse,20121,0,2,1,28,0,0,0,0,2,10000,3400
transpose_kernel_gpu_mem,134388,1,1,27,128,272000008,272000000,272000008,272000000,2,10000,3400
transpose_kernel_gpu_collapse_mem,155925,1,2,265625,128,272000008,272000000,272000008,272000000,2,10000,3400
transpose_kernel_gpu,16885,1,1,27,128,8,0,8,0,2,10000,3400
transpose_kernel_gpu_collapse,10768,1,2,265625,128,8,0,8,0,2,10000,3400
transpose_kernel_cpu,32553,0,1,1,28,0,0,0,0,2,10000,3500
transpose_kernel_cpu_collapse,24887,0,2,1,28,0,0,0,0,2,10000,3500
transpose_kernel_gpu_mem,133606,1,1,28,128,280000008,280000000,280000008,280000000,2,10000,3500
transpose_kernel_gpu_collapse_mem,152340,1,2,273438,128,280000008,280000000,280000008,280000000,2,10000,3500
transpose_kernel_gpu,15592,1,1,28,128,8,0,8,0,2,10000,3500
transpose_kernel_gpu_collapse,10251,1,2,273438,128,8,0,8,0,2,10000,3500
transpose_kernel_cpu,32111,0,1,1,28,0,0,0,0,2,10000,3600
transpose_kernel_cpu_collapse,27221,0,2,1,28,0,0,0,0,2,10000,3600
transpose_kernel_gpu_mem,146554,1,1,29,128,288000008,288000000,288000008,288000000,2,10000,3600
transpose_kernel_gpu_collapse_mem,167785,1,2,281250,128,288000008,288000000,288000008,288000000,2,10000,3600
transpose_kernel_gpu,14967,1,1,29,128,8,0,8,0,2,10000,3600
transpose_kernel_gpu_collapse,12071,1,2,281250,128,8,0,8,0,2,10000,3600
transpose_kernel_cpu,32747,0,1,1,28,0,0,0,0,2,10000,3700
transpose_kernel_cpu_collapse,26117,0,2,1,28,0,0,0,0,2,10000,3700
transpose_kernel_gpu_mem,139862,1,1,29,128,296000008,296000000,296000008,296000000,2,10000,3700
transpose_kernel_gpu_collapse_mem,164572,1,2,289063,128,296000008,296000000,296000008,296000000,2,10000,3700
transpose_kernel_gpu,16453,1,1,29,128,8,0,8,0,2,10000,3700
transpose_kernel_gpu_collapse,11119,1,2,289063,128,8,0,8,0,2,10000,3700
transpose_kernel_cpu,35914,0,1,1,28,0,0,0,0,2,10000,3800
transpose_kernel_cpu_collapse,30195,0,2,1,28,0,0,0,0,2,10000,3800
transpose_kernel_gpu_mem,141567,1,1,30,128,304000008,304000000,304000008,304000000,2,10000,3800
transpose_kernel_gpu_collapse_mem,165625,1,2,296875,128,304000008,304000000,304000008,304000000,2,10000,3800
transpose_kernel_gpu,16224,1,1,30,128,8,0,8,0,2,10000,3800
transpose_kernel_gpu_collapse,11301,1,2,296875,128,8,0,8,0,2,10000,3800
transpose_kernel_cpu,41649,0,1,1,28,0,0,0,0,2,10000,3900
transpose_kernel_cpu_collapse,32712,0,2,1,28,0,0,0,0,2,10000,3900
transpose_kernel_gpu_mem,143930,1,1,31,128,312000008,312000000,312000008,312000000,2,10000,3900
transpose_kernel_gpu_collapse_mem,164496,1,2,304688,128,312000008,312000000,312000008,312000000,2,10000,3900
transpose_kernel_gpu,16604,1,1,31,128,8,0,8,0,2,10000,3900
transpose_kernel_gpu_collapse,11407,1,2,304688,128,8,0,8,0,2,10000,3900
transpose_kernel_cpu,36154,0,1,1,28,0,0,0,0,2,10000,4000
transpose_kernel_cpu_collapse,30395,0,2,1,28,0,0,0,0,2,10000,4000
transpose_kernel_gpu_mem,165958,1,1,32,128,320000008,320000000,320000008,320000000,2,10000,4000
transpose_kernel_gpu_collapse_mem,202443,1,2,312500,128,320000008,320000000,320000008,320000000,2,10000,4000
transpose_kernel_gpu,18044,1,1,32,128,8,0,8,0,2,10000,4000
transpose_kernel_gpu_collapse,12890,1,2,312500,128,8,0,8,0,2,10000,4000
transpose_kernel_cpu,7096,0,1,1,28,0,0,0,0,2,10000,400
transpose_kernel_cpu_collapse,2051,0,2,1,28,0,0,0,0,2,10000,400
transpose_kernel_gpu_mem,30930,1,1,4,128,32000008,32000000,32000008,32000000,2,10000,400
transpose_kernel_gpu_collapse_mem,20153,1,2,31250,128,32000008,32000000,32000008,32000000,2,10000,400
transpose_kernel_gpu,14911,1,1,4,128,8,0,8,0,2,10000,400
transpose_kernel_gpu_collapse,1720,1,2,31250,128,8,0,8,0,2,10000,400
transpose_kernel_cpu,32378,0,1,1,28,0,0,0,0,2,10000,4100
transpose_kernel_cpu_collapse,29552,0,2,1,28,0,0,0,0,2,10000,4100
transpose_kernel_gpu_mem,162124,1,1,33,128,328000008,328000000,328000008,328000000,2,10000,4100
transpose_kernel_gpu_collapse_mem,193094,1,2,320313,128,328000008,328000000,328000008,328000000,2,10000,4100
transpose_kernel_gpu,18158,1,1,33,128,8,0,8,0,2,10000,4100
transpose_kernel_gpu_collapse,12193,1,2,320313,128,8,0,8,0,2,10000,4100
transpose_kernel_cpu,33884,0,1,1,28,0,0,0,0,2,10000,4200
transpose_kernel_cpu_collapse,28002,0,2,1,28,0,0,0,0,2,10000,4200
transpose_kernel_gpu_mem,161289,1,1,33,128,336000008,336000000,336000008,336000000,2,10000,4200
transpose_kernel_gpu_collapse_mem,193060,1,2,328125,128,336000008,336000000,336000008,336000000,2,10000,4200
transpose_kernel_gpu,19022,1,1,33,128,8,0,8,0,2,10000,4200
transpose_kernel_gpu_collapse,13139,1,2,328125,128,8,0,8,0,2,10000,4200
transpose_kernel_cpu,36503,0,1,1,28,0,0,0,0,2,10000,4300
transpose_kernel_cpu_collapse,31682,0,2,1,28,0,0,0,0,2,10000,4300
transpose_kernel_gpu_mem,174904,1,1,34,128,344000008,344000000,344000008,344000000,2,10000,4300
transpose_kernel_gpu_collapse_mem,203234,1,2,335938,128,344000008,344000000,344000008,344000000,2,10000,4300
transpose_kernel_gpu,19034,1,1,34,128,8,0,8,0,2,10000,4300
transpose_kernel_gpu_collapse,12771,1,2,335938,128,8,0,8,0,2,10000,4300
transpose_kernel_cpu,44268,0,1,1,28,0,0,0,0,2,10000,4400
transpose_kernel_cpu_collapse,24935,0,2,1,28,0,0,0,0,2,10000,4400
transpose_kernel_gpu_mem,174842,1,1,35,128,352000008,352000000,352000008,352000000,2,10000,4400
transpose_kernel_gpu_collapse_mem,200906,1,2,343750,128,352000008,352000000,352000008,352000000,2,10000,4400
transpose_kernel_gpu,17733,1,1,35,128,8,0,8,0,2,10000,4400
transpose_kernel_gpu_collapse,12953,1,2,343750,128,8,0,8,0,2,10000,4400
transpose_kernel_cpu,38892,0,1,1,28,0,0,0,0,2,10000,4500
transpose_kernel_cpu_collapse,28903,0,2,1,28,0,0,0,0,2,10000,4500
transpose_kernel_gpu_mem,173226,1,1,36,128,360000008,360000000,360000008,360000000,2,10000,4500
transpose_kernel_gpu_collapse_mem,205927,1,2,351563,128,360000008,360000000,360000008,360000000,2,10000,4500
transpose_kernel_gpu,19779,1,1,36,128,8,0,8,0,2,10000,4500
transpose_kernel_gpu_collapse,14367,1,2,351563,128,8,0,8,0,2,10000,4500
transpose_kernel_cpu,47637,0,1,1,28,0,0,0,0,2,10000,4600
transpose_kernel_cpu_collapse,31844,0,2,1,28,0,0,0,0,2,10000,4600
transpose_kernel_gpu_mem,181635,1,1,36,128,368000008,368000000,368000008,368000000,2,10000,4600
transpose_kernel_gpu_collapse_mem,216259,1,2,359375,128,368000008,368000000,368000008,368000000,2,10000,4600
transpose_kernel_gpu,18874,1,1,36,128,8,0,8,0,2,10000,4600
transpose_kernel_gpu_collapse,13377,1,2,359375,128,8,0,8,0,2,10000,4600
transpose_kernel_cpu,36162,0,1,1,28,0,0,0,0,2,10000,4700
transpose_kernel_cpu_collapse,28080,0,2,1,28,0,0,0,0,2,10000,4700
transpose_kernel_gpu_mem,173134,1,1,37,128,376000008,376000000,376000008,376000000,2,10000,4700
transpose_kernel_gpu_collapse_mem,201767,1,2,367188,128,376000008,376000000,376000008,376000000,2,10000,4700
transpose_kernel_gpu,18680,1,1,37,128,8,0,8,0,2,10000,4700
transpose_kernel_gpu_collapse,13731,1,2,367188,128,8,0,8,0,2,10000,4700
transpose_kernel_cpu,45796,0,1,1,28,0,0,0,0,2,10000,4800
transpose_kernel_cpu_collapse,25314,0,2,1,28,0,0,0,0,2,10000,4800
transpose_kernel_gpu_mem,176762,1,1,38,128,384000008,384000000,384000008,384000000,2,10000,4800
transpose_kernel_gpu_collapse_mem,220623,1,2,375000,128,384000008,384000000,384000008,384000000,2,10000,4800
transpose_kernel_gpu,18246,1,1,38,128,8,0,8,0,2,10000,4800
transpose_kernel_gpu_collapse,27347,1,2,375000,128,8,0,8,0,2,10000,4800
transpose_kernel_cpu,31078,0,1,1,28,0,0,0,0,2,10000,4900
transpose_kernel_cpu_collapse,26805,0,2,1,28,0,0,0,0,2,10000,4900
transpose_kernel_gpu_mem,183559,1,1,39,128,392000008,392000000,392000008,392000000,2,10000,4900
transpose_kernel_gpu_collapse_mem,208575,1,2,382813,128,392000008,392000000,392000008,392000000,2,10000,4900
transpose_kernel_gpu,19650,1,1,39,128,8,0,8,0,2,10000,4900
transpose_kernel_gpu_collapse,14299,1,2,382813,128,8,0,8,0,2,10000,4900
transpose_kernel_cpu,35304,0,1,1,28,0,0,0,0,2,10000,5000
transpose_kernel_cpu_collapse,22334,0,2,1,28,0,0,0,0,2,10000,5000
transpose_kernel_gpu_mem,198336,1,1,40,128,400000008,400000000,400000008,400000000,2,10000,5000
transpose_kernel_gpu_collapse_mem,228556,1,2,390625,128,400000008,400000000,400000008,400000000,2,10000,5000
transpose_kernel_gpu,20420,1,1,40,128,8,0,8,0,2,10000,5000
transpose_kernel_gpu_collapse,14548,1,2,390625,128,8,0,8,0,2,10000,5000
transpose_kernel_cpu,12150,0,1,1,28,0,0,0,0,2,10000,500
transpose_kernel_cpu_collapse,4651,0,2,1,28,0,0,0,0,2,10000,500
transpose_kernel_gpu_mem,36710,1,1,4,128,40000008,40000000,40000008,40000000,2,10000,500
transpose_kernel_gpu_collapse_mem,27626,1,2,39063,128,40000008,40000000,40000008,40000000,2,10000,500
transpose_kernel_gpu,15010,1,1,4,128,8,0,8,0,2,10000,500
transpose_kernel_gpu_collapse,2205,1,2,39063,128,8,0,8,0,2,10000,500
transpose_kernel_cpu,35523,0,1,1,28,0,0,0,0,2,10000,5100
transpose_kernel_cpu_collapse,28177,0,2,1,28,0,0,0,0,2,10000,5100
transpose_kernel_gpu_mem,200564,1,1,40,128,408000008,408000000,408000008,408000000,2,10000,5100
transpose_kernel_gpu_collapse_mem,241849,1,2,398438,128,408000008,408000000,408000008,408000000,2,10000,5100
transpose_kernel_gpu,22033,1,1,40,128,8,0,8,0,2,10000,5100
transpose_kernel_gpu_collapse,15163,1,2,398438,128,8,0,8,0,2,10000,5100
transpose_kernel_cpu,38430,0,1,1,28,0,0,0,0,2,10000,5200
transpose_kernel_cpu_collapse,25600,0,2,1,28,0,0,0,0,2,10000,5200
transpose_kernel_gpu_mem,201539,1,1,41,128,416000008,416000000,416000008,416000000,2,10000,5200
transpose_kernel_gpu_collapse_mem,232783,1,2,406250,128,416000008,416000000,416000008,416000000,2,10000,5200
transpose_kernel_gpu,21391,1,1,41,128,8,0,8,0,2,10000,5200
transpose_kernel_gpu_collapse,15108,1,2,406250,128,8,0,8,0,2,10000,5200
transpose_kernel_cpu,38638,0,1,1,28,0,0,0,0,2,10000,5300
transpose_kernel_cpu_collapse,27404,0,2,1,28,0,0,0,0,2,10000,5300
transpose_kernel_gpu_mem,196108,1,1,42,128,424000008,424000000,424000008,424000000,2,10000,5300
transpose_kernel_gpu_collapse_mem,223239,1,2,414063,128,424000008,424000000,424000008,424000000,2,10000,5300
transpose_kernel_gpu,23795,1,1,42,128,8,0,8,0,2,10000,5300
transpose_kernel_gpu_collapse,15524,1,2,414063,128,8,0,8,0,2,10000,5300
transpose_kernel_cpu,37014,0,1,1,28,0,0,0,0,2,10000,5400
transpose_kernel_cpu_collapse,25206,0,2,1,28,0,0,0,0,2,10000,5400
transpose_kernel_gpu_mem,196444,1,1,43,128,432000008,432000000,432000008,432000000,2,10000,5400
transpose_kernel_gpu_collapse_mem,225108,1,2,421875,128,432000008,432000000,432000008,432000000,2,10000,5400
transpose_kernel_gpu,23311,1,1,43,128,8,0,8,0,2,10000,5400
transpose_kernel_gpu_collapse,16225,1,2,421875,128,8,0,8,0,2,10000,5400
transpose_kernel_cpu,38137,0,1,1,28,0,0,0,0,2,10000,5500
transpose_kernel_cpu_collapse,28414,0,2,1,28,0,0,0,0,2,10000,5500
transpose_kernel_gpu_mem,206405,1,1,43,128,440000008,440000000,440000008,440000000,2,10000,5500
transpose_kernel_gpu_collapse_mem,240088,1,2,429688,128,440000008,440000000,440000008,440000000,2,10000,5500
transpose_kernel_gpu,25427,1,1,43,128,8,0,8,0,2,10000,5500
transpose_kernel_gpu_collapse,16132,1,2,429688,128,8,0,8,0,2,10000,5500
transpose_kernel_cpu,39958,0,1,1,28,0,0,0,0,2,10000,5600
transpose_kernel_cpu_collapse,27840,0,2,1,28,0,0,0,0,2,10000,5600
transpose_kernel_gpu_mem,208488,1,1,44,128,448000008,448000000,448000008,448000000,2,10000,5600
transpose_kernel_gpu_collapse_mem,236905,1,2,437500,128,448000008,448000000,448000008,448000000,2,10000,5600
transpose_kernel_gpu,23900,1,1,44,128,8,0,8,0,2,10000,5600
transpose_kernel_gpu_collapse,16588,1,2,437500,128,8,0,8,0,2,10000,5600
transpose_kernel_cpu,38165,0,1,1,28,0,0,0,0,2,10000,5700
transpose_kernel_cpu_collapse,28703,0,2,1,28,0,0,0,0,2,10000,5700
transpose_kernel_gpu_mem,226322,1,1,45,128,456000008,456000000,456000008,456000000,2,10000,5700
transpose_kernel_gpu_collapse_mem,259001,1,2,445313,128,456000008,456000000,456000008,456000000,2,10000,5700
transpose_kernel_gpu,25355,1,1,45,128,8,0,8,0,2,10000,5700
transpose_kernel_gpu_collapse,16793,1,2,445313,128,8,0,8,0,2,10000,5700
transpose_kernel_cpu,50815,0,1,1,28,0,0,0,0,2,10000,5800
transpose_kernel_cpu_collapse,35860,0,2,1,28,0,0,0,0,2,10000,5800
transpose_kernel_gpu_mem,233326,1,1,46,128,464000008,464000000,464000008,464000000,2,10000,5800
transpose_kernel_gpu_collapse_mem,265072,1,2,453125,128,464000008,464000000,464000008,464000000,2,10000,5800
transpose_kernel_gpu,25633,1,1,46,128,8,0,8,0,2,10000,5800
transpose_kernel_gpu_collapse,17043,1,2,453125,128,8,0,8,0,2,10000,5800
transpose_kernel_cpu,36946,0,1,1,28,0,0,0,0,2,10000,5900
transpose_kernel_cpu_collapse,32738,0,2,1,28,0,0,0,0,2,10000,5900
transpose_kernel_gpu_mem,222254,1,1,47,128,472000008,472000000,472000008,472000000,2,10000,5900
transpose_kernel_gpu_collapse_mem,247979,1,2,460938,128,472000008,472000000,472000008,472000000,2,10000,5900
transpose_kernel_gpu,26681,1,1,47,128,8,0,8,0,2,10000,5900
transpose_kernel_gpu_collapse,17240,1,2,460938,128,8,0,8,0,2,10000,5900
transpose_kernel_cpu,40802,0,1,1,28,0,0,0,0,2,10000,6000
transpose_kernel_cpu_collapse,26854,0,2,1,28,0,0,0,0,2,10000,6000
transpose_kernel_gpu_mem,216826,1,1,47,128,480000008,480000000,480000008,480000000,2,10000,6000
transpose_kernel_gpu_collapse_mem,243043,1,2,468750,128,480000008,480000000,480000008,480000000,2,10000,6000
transpose_kernel_gpu,26668,1,1,47,128,8,0,8,0,2,10000,6000
transpose_kernel_gpu_collapse,19187,1,2,468750,128,8,0,8,0,2,10000,6000
transpose_kernel_cpu,12769,0,1,1,28,0,0,0,0,2,10000,600
transpose_kernel_cpu_collapse,3495,0,2,1,28,0,0,0,0,2,10000,600
transpose_kernel_gpu_mem,40074,1,1,5,128,48000008,48000000,48000008,48000000,2,10000,600
transpose_kernel_gpu_collapse_mem,31764,1,2,46875,128,48000008,48000000,48000008,48000000,2,10000,600
transpose_kernel_gpu,15022,1,1,5,128,8,0,8,0,2,10000,600
transpose_kernel_gpu_collapse,2484,1,2,46875,128,8,0,8,0,2,10000,600
transpose_kernel_cpu,55677,0,1,1,28,0,0,0,0,2,10000,6100
transpose_kernel_cpu_collapse,43216,0,2,1,28,0,0,0,0,2,10000,6100
transpose_kernel_gpu_mem,248153,1,1,48,128,488000008,488000000,488000008,488000000,2,10000,6100
transpose_kernel_gpu_collapse_mem,260406,1,2,476563,128,488000008,488000000,488000008,488000000,2,10000,6100
transpose_kernel_gpu,28589,1,1,48,128,8,0,8,0,2,10000,6100
transpose_kernel_gpu_collapse,17792,1,2,476563,128,8,0,8,0,2,10000,6100
transpose_kernel_cpu,35927,0,1,1,28,0,0,0,0,2,10000,6200
transpose_kernel_cpu_collapse,28927,0,2,1,28,0,0,0,0,2,10000,6200
transpose_kernel_gpu_mem,232470,1,1,49,128,496000008,496000000,496000008,496000000,2,10000,6200
transpose_kernel_gpu_collapse_mem,260510,1,2,484375,128,496000008,496000000,496000008,496000000,2,10000,6200
transpose_kernel_gpu,29151,1,1,49,128,8,0,8,0,2,10000,6200
transpose_kernel_gpu_collapse,18171,1,2,484375,128,8,0,8,0,2,10000,6200
transpose_kernel_cpu,53378,0,1,1,28,0,0,0,0,2,10000,6300
transpose_kernel_cpu_collapse,51371,0,2,1,28,0,0,0,0,2,10000,6300
transpose_kernel_gpu_mem,232138,1,1,50,128,504000008,504000000,504000008,504000000,2,10000,6300
transpose_kernel_gpu_collapse_mem,306479,1,2,492188,128,504000008,504000000,504000008,504000000,2,10000,6300
transpose_kernel_gpu,29695,1,1,50,128,8,0,8,0,2,10000,6300
transpose_kernel_gpu_collapse,18735,1,2,492188,128,8,0,8,0,2,10000,6300
transpose_kernel_cpu,59811,0,1,1,28,0,0,0,0,2,10000,6400
transpose_kernel_cpu_collapse,48294,0,2,1,28,0,0,0,0,2,10000,6400
transpose_kernel_gpu_mem,237336,1,1,50,128,512000008,512000000,512000008,512000000,2,10000,6400
transpose_kernel_gpu_collapse_mem,267487,1,2,500000,128,512000008,512000000,512000008,512000000,2,10000,6400
transpose_kernel_gpu,29165,1,1,50,128,8,0,8,0,2,10000,6400
transpose_kernel_gpu_collapse,20763,1,2,500000,128,8,0,8,0,2,10000,6400
transpose_kernel_cpu,50008,0,1,1,28,0,0,0,0,2,10000,6500
transpose_kernel_cpu_collapse,37604,0,2,1,28,0,0,0,0,2,10000,6500
transpose_kernel_gpu_mem,229703,1,1,51,128,520000008,520000000,520000008,520000000,2,10000,6500
transpose_kernel_gpu_collapse_mem,253975,1,2,507813,128,520000008,520000000,520000008,520000000,2,10000,6500
transpose_kernel_gpu,31240,1,1,51,128,8,0,8,0,2,10000,6500
transpose_kernel_gpu_collapse,19035,1,2,507813,128,8,0,8,0,2,10000,6500
transpose_kernel_cpu,51111,0,1,1,28,0,0,0,0,2,10000,6600
transpose_kernel_cpu_collapse,34971,0,2,1,28,0,0,0,0,2,10000,6600
transpose_kernel_gpu_mem,250914,1,1,52,128,528000008,528000000,528000008,528000000,2,10000,6600
transpose_kernel_gpu_collapse_mem,283461,1,2,515625,128,528000008,528000000,528000008,528000000,2,10000,6600
transpose_kernel_gpu,32112,1,1,52,128,8,0,8,0,2,10000,6600
transpose_kernel_gpu_collapse,19661,1,2,515625,128,8,0,8,0,2,10000,6600
transpose_kernel_cpu,45189,0,1,1,28,0,0,0,0,2,10000,6700
transpose_kernel_cpu_collapse,37886,0,2,1,28,0,0,0,0,2,10000,6700
transpose_kernel_gpu_mem,256673,1,1,53,128,536000008,536000000,536000008,536000000,2,10000,6700
transpose_kernel_gpu_collapse_mem,310414,1,2,523438,128,536000008,536000000,536000008,536000000,2,10000,6700
transpose_kernel_gpu,33933,1,1,53,128,8,0,8,0,2,10000,6700
transpose_kernel_gpu_collapse,19672,1,2,523438,128,8,0,8,0,2,10000,6700
transpose_kernel_cpu,45191,0,1,1,28,0,0,0,0,2,10000,6800
transpose_kernel_cpu_collapse,35067,0,2,1,28,0,0,0,0,2,10000,6800
transpose_kernel_gpu_mem,249266,1,1,54,128,544000008,544000000,544000008,544000000,2,10000,6800
transpose_kernel_gpu_collapse_mem,318298,1,2,531250,128,544000008,544000000,544000008,544000000,2,10000,6800
transpose_kernel_gpu,34760,1,1,54,128,8,0,8,0,2,10000,6800
transpose_kernel_gpu_collapse,20034,1,2,531250,128,8,0,8,0,2,10000,6800
transpose_kernel_cpu,50623,0,1,1,28,0,0,0,0,2,10000,6900
transpose_kernel_cpu_collapse,38091,0,2,1,28,0,0,0,0,2,10000,6900
transpose_kernel_gpu_mem,257428,1,1,54,128,552000008,552000000,552000008,552000000,2,10000,6900
transpose_kernel_gpu_collapse_mem,281483,1,2,539063,128,552000008,552000000,552000008,552000000,2,10000,6900
transpose_kernel_gpu,36072,1,1,54,128,8,0,8,0,2,10000,6900
transpose_kernel_gpu_collapse,20576,1,2,539063,128,8,0,8,0,2,10000,6900
transpose_kernel_cpu,44312,0,1,1,28,0,0,0,0,2,10000,7000
transpose_kernel_cpu_collapse,34651,0,2,1,28,0,0,0,0,2,10000,7000
transpose_kernel_gpu_mem,265057,1,1,55,128,560000008,560000000,560000008,560000000,2,10000,7000
transpose_kernel_gpu_collapse_mem,325749,1,2,546875,128,560000008,560000000,560000008,560000000,2,10000,7000
transpose_kernel_gpu,36474,1,1,55,128,8,0,8,0,2,10000,7000
transpose_kernel_gpu_collapse,20700,1,2,546875,128,8,0,8,0,2,10000,7000
transpose_kernel_cpu,13075,0,1,1,28,0,0,0,0,2,10000,700
transpose_kernel_cpu_collapse,7493,0,2,1,28,0,0,0,0,2,10000,700
transpose_kernel_gpu_mem,44522,1,1,6,128,56000008,56000000,56000008,56000000,2,10000,700
transpose_kernel_gpu_collapse_mem,37001,1,2,54688,128,56000008,56000000,56000008,56000000,2,10000,700
transpose_kernel_gpu,15090,1,1,6,128,8,0,8,0,2,10000,700
transpose_kernel_gpu_collapse,2983,1,2,54688,128,8,0,8,0,2,10000,700
transpose_kernel_cpu,67508,0,1,1,28,0,0,0,0,2,10000,7100
transpose_kernel_cpu_collapse,45679,0,2,1,28,0,0,0,0,2,10000,7100
transpose_kernel_gpu_mem,251925,1,1,56,128,568000008,568000000,568000008,568000000,2,10000,7100
transpose_kernel_gpu_collapse_mem,337120,1,2,554688,128,568000008,568000000,568000008,568000000,2,10000,7100
transpose_kernel_gpu,37643,1,1,56,128,8,0,8,0,2,10000,7100
transpose_kernel_gpu_collapse,21070,1,2,554688,128,8,0,8,0,2,10000,7100
transpose_kernel_cpu,51025,0,1,1,28,0,0,0,0,2,10000,7200
transpose_kernel_cpu_collapse,37732,0,2,1,28,0,0,0,0,2,10000,7200
transpose_kernel_gpu_mem,262494,1,1,57,128,576000008,576000000,576000008,576000000,2,10000,7200
transpose_kernel_gpu_collapse_mem,306798,1,2,562500,128,576000008,576000000,576000008,576000000,2,10000,7200
transpose_kernel_gpu,36866,1,1,57,128,8,0,8,0,2,10000,7200
transpose_kernel_gpu_collapse,27098,1,2,562500,128,8,0,8,0,2,10000,7200
transpose_kernel_cpu,57112,0,1,1,28,0,0,0,0,2,10000,7300
transpose_kernel_cpu_collapse,35557,0,2,1,28,0,0,0,0,2,10000,7300
transpose_kernel_gpu_mem,270900,1,1,58,128,584000008,584000000,584000008,584000000,2,10000,7300
transpose_kernel_gpu_collapse_mem,346055,1,2,570313,128,584000008,584000000,584000008,584000000,2,10000,7300
transpose_kernel_gpu,38811,1,1,58,128,8,0,8,0,2,10000,7300
transpose_kernel_gpu_collapse,21746,1,2,570313,128,8,0,8,0,2,10000,7300
transpose_kernel_cpu,45718,0,1,1,28,0,0,0,0,2,10000,7400
transpose_kernel_cpu_collapse,34210,0,2,1,28,0,0,0,0,2,10000,7400
transpose_kernel_gpu_mem,304689,1,1,58,128,592000008,592000000,592000008,592000000,2,10000,7400
transpose_kernel_gpu_collapse_mem,309073,1,2,578125,128,592000008,592000000,592000008,592000000,2,10000,7400
transpose_kernel_gpu,39383,1,1,58,128,8,0,8,0,2,10000,7400
transpose_kernel_gpu_collapse,21964,1,2,578125,128,8,0,8,0,2,10000,7400
transpose_kernel_cpu,60005,0,1,1,28,0,0,0,0,2,10000,7500
transpose_kernel_cpu_collapse,43868,0,2,1,28,0,0,0,0,2,10000,7500
transpose_kernel_gpu_mem,286087,1,1,59,128,600000008,600000000,600000008,600000000,2,10000,7500
transpose_kernel_gpu_collapse_mem,363296,1,2,585938,128,600000008,600000000,600000008,600000000,2,10000,7500
transpose_kernel_gpu,40639,1,1,59,128,8,0,8,0,2,10000,7500
transpose_kernel_gpu_collapse,22482,1,2,585938,128,8,0,8,0,2,10000,7500
transpose_kernel_cpu,52722,0,1,1,28,0,0,0,0,2,10000,7600
transpose_kernel_cpu_collapse,59390,0,2,1,28,0,0,0,0,2,10000,7600
transpose_kernel_gpu_mem,274904,1,1,60,128,608000008,608000000,608000008,608000000,2,10000,7600
transpose_kernel_gpu_collapse_mem,373996,1,2,593750,128,608000008,608000000,608000008,608000000,2,10000,7600
transpose_kernel_gpu,40334,1,1,60,128,8,0,8,0,2,10000,7600
transpose_kernel_gpu_collapse,22546,1,2,593750,128,8,0,8,0,2,10000,7600
transpose_kernel_cpu,57254,0,1,1,28,0,0,0,0,2,10000,7700
transpose_kernel_cpu_collapse,57994,0,2,1,28,0,0,0,0,2,10000,7700
transpose_kernel_gpu_mem,289802,1,1,61,128,616000008,616000000,616000008,616000000,2,10000,7700
transpose_kernel_gpu_collapse_mem,367604,1,2,601563,128,616000008,616000000,616000008,616000000,2,10000,7700
transpose_kernel_gpu,43060,1,1,61,128,8,0,8,0,2,10000,7700
transpose_kernel_gpu_collapse,23095,1,2,601563,128,8,0,8,0,2,10000,7700
transpose_kernel_cpu,57881,0,1,1,28,0,0,0,0,2,10000,7800
transpose_kernel_cpu_collapse,55032,0,2,1,28,0,0,0,0,2,10000,7800
transpose_kernel_gpu_mem,295020,1,1,61,128,624000008,624000000,624000008,624000000,2,10000,7800
transpose_kernel_gpu_collapse_mem,382939,1,2,609375,128,624000008,624000000,624000008,624000000,2,10000,7800
transpose_kernel_gpu,44110,1,1,61,128,8,0,8,0,2,10000,7800
transpose_kernel_gpu_collapse,23417,1,2,609375,128,8,0,8,0,2,10000,7800
transpose_kernel_cpu,55481,0,1,1,28,0,0,0,0,2,10000,7900
transpose_kernel_cpu_collapse,48624,0,2,1,28,0,0,0,0,2,10000,7900
transpose_kernel_gpu_mem,318282,1,1,62,128,632000008,632000000,632000008,632000000,2,10000,7900
transpose_kernel_gpu_collapse_mem,381181,1,2,617188,128,632000008,632000000,632000008,632000000,2,10000,7900
transpose_kernel_gpu,45352,1,1,62,128,8,0,8,0,2,10000,7900
transpose_kernel_gpu_collapse,23642,1,2,617188,128,8,0,8,0,2,10000,7900
transpose_kernel_cpu,63917,0,1,1,28,0,0,0,0,2,10000,8000
transpose_kernel_cpu_collapse,66411,0,2,1,28,0,0,0,0,2,10000,8000
transpose_kernel_gpu_mem,314935,1,1,63,128,640000008,640000000,640000008,640000000,2,10000,8000
transpose_kernel_gpu_collapse_mem,356695,1,2,625000,128,640000008,640000000,640000008,640000000,2,10000,8000
transpose_kernel_gpu,44261,1,1,63,128,8,0,8,0,2,10000,8000
transpose_kernel_gpu_collapse,24431,1,2,625000,128,8,0,8,0,2,10000,8000
transpose_kernel_cpu,15114,0,1,1,28,0,0,0,0,2,10000,800
transpose_kernel_cpu_collapse,4473,0,2,1,28,0,0,0,0,2,10000,800
transpose_kernel_gpu_mem,46899,1,1,7,128,64000008,64000000,64000008,64000000,2,10000,800
transpose_kernel_gpu_collapse_mem,42139,1,2,62500,128,64000008,64000000,64000008,64000000,2,10000,800
transpose_kernel_gpu,15041,1,1,7,128,8,0,8,0,2,10000,800
transpose_kernel_gpu_collapse,3096,1,2,62500,128,8,0,8,0,2,10000,800
transpose_kernel_cpu,64854,0,1,1,28,0,0,0,0,2,10000,8100
transpose_kernel_cpu_collapse,58210,0,2,1,28,0,0,0,0,2,10000,8100
transpose_kernel_gpu_mem,320192,1,1,64,128,648000008,648000000,648000008,648000000,2,10000,8100
transpose_kernel_gpu_collapse_mem,359539,1,2,632813,128,648000008,648000000,648000008,648000000,2,10000,8100
transpose_kernel_gpu,47120,1,1,64,128,8,0,8,0,2,10000,8100
transpose_kernel_gpu_collapse,24363,1,2,632813,128,8,0,8,0,2,10000,8100
transpose_kernel_cpu,72728,0,1,1,28,0,0,0,0,2,10000,8200
transpose_kernel_cpu_collapse,35546,0,2,1,28,0,0,0,0,2,10000,8200
transpose_kernel_gpu_mem,328714,1,1,65,128,656000008,656000000,656000008,656000000,2,10000,8200
transpose_kernel_gpu_collapse_mem,338196,1,2,640625,128,656000008,656000000,656000008,656000000,2,10000,8200
transpose_kernel_gpu,48283,1,1,65,128,8,0,8,0,2,10000,8200
transpose_kernel_gpu_collapse,24520,1,2,640625,128,8,0,8,0,2,10000,8200
transpose_kernel_cpu,62329,0,1,1,28,0,0,0,0,2,10000,8300
transpose_kernel_cpu_collapse,57086,0,2,1,28,0,0,0,0,2,10000,8300
transpose_kernel_gpu_mem,309696,1,1,65,128,664000008,664000000,664000008,664000000,2,10000,8300
transpose_kernel_gpu_collapse_mem,405580,1,2,648438,128,664000008,664000000,664000008,664000000,2,10000,8300
transpose_kernel_gpu,49989,1,1,65,128,8,0,8,0,2,10000,8300
transpose_kernel_gpu_collapse,24800,1,2,648438,128,8,0,8,0,2,10000,8300
transpose_kernel_cpu,54274,0,1,1,28,0,0,0,0,2,10000,8400
transpose_kernel_cpu_collapse,51386,0,2,1,28,0,0,0,0,2,10000,8400
transpose_kernel_gpu_mem,344223,1,1,66,128,672000008,672000000,672000008,672000000,2,10000,8400
transpose_kernel_gpu_collapse_mem,387398,1,2,656250,128,672000008,672000000,672000008,672000000,2,10000,8400
transpose_kernel_gpu,51064,1,1,66,128,8,0,8,0,2,10000,8400
transpose_kernel_gpu_collapse,27447,1,2,656250,128,8,0,8,0,2,10000,8400
transpose_kernel_cpu,58575,0,1,1,28,0,0,0,0,2,10000,8500
transpose_kernel_cpu_collapse,55243,0,2,1,28,0,0,0,0,2,10000,8500
transpose_kernel_gpu_mem,319120,1,1,67,128,680000008,680000000,680000008,680000000,2,10000,8500
transpose_kernel_gpu_collapse_mem,433256,1,2,664063,128,680000008,680000000,680000008,680000000,2,10000,8500
transpose_kernel_gpu,53453,1,1,67,128,8,0,8,0,2,10000,8500
transpose_kernel_gpu_collapse,25433,1,2,664063,128,8,0,8,0,2,10000,8500
transpose_kernel_cpu,80632,0,1,1,28,0,0,0,0,2,10000,8600
transpose_kernel_cpu_collapse,79082,0,2,1,28,0,0,0,0,2,10000,8600
transpose_kernel_gpu_mem,356149,1,1,68,128,688000008,688000000,688000008,688000000,2,10000,8600
transpose_kernel_gpu_collapse_mem,351652,1,2,671875,128,688000008,688000000,688000008,688000000,2,10000,8600
transpose_kernel_gpu,53390,1,1,68,128,8,0,8,0,2,10000,8600
transpose_kernel_gpu_collapse,25812,1,2,671875,128,8,0,8,0,2,10000,8600
transpose_kernel_cpu,78973,0,1,1,28,0,0,0,0,2,10000,8700
transpose_kernel_cpu_collapse,63472,0,2,1,28,0,0,0,0,2,10000,8700
transpose_kernel_gpu_mem,317922,1,1,68,128,696000008,696000000,696000008,696000000,2,10000,8700
transpose_kernel_gpu_collapse_mem,434273,1,2,679688,128,696000008,696000000,696000008,696000000,2,10000,8700
transpose_kernel_gpu,54636,1,1,68,128,8,0,8,0,2,10000,8700
transpose_kernel_gpu_collapse,26373,1,2,679688,128,8,0,8,0,2,10000,8700
transpose_kernel_cpu,66087,0,1,1,28,0,0,0,0,2,10000,8800
transpose_kernel_cpu_collapse,60100,0,2,1,28,0,0,0,0,2,10000,8800
transpose_kernel_gpu_mem,355432,1,1,69,128,704000008,704000000,704000008,704000000,2,10000,8800
transpose_kernel_gpu_collapse_mem,396728,1,2,687500,128,704000008,704000000,704000008,704000000,2,10000,8800
transpose_kernel_gpu,53949,1,1,69,128,8,0,8,0,2,10000,8800
transpose_kernel_gpu_collapse,26643,1,2,687500,128,8,0,8,0,2,10000,8800
transpose_kernel_cpu,51101,0,1,1,28,0,0,0,0,2,10000,8900
transpose_kernel_cpu_collapse,45926,0,2,1,28,0,0,0,0,2,10000,8900
transpose_kernel_gpu_mem,334288,1,1,70,128,712000008,712000000,712000008,712000000,2,10000,8900
transpose_kernel_gpu_collapse_mem,443044,1,2,695313,128,712000008,712000000,712000008,712000000,2,10000,8900
transpose_kernel_gpu,56326,1,1,70,128,8,0,8,0,2,10000,8900
transpose_kernel_gpu_collapse,26804,1,2,695313,128,8,0,8,0,2,10000,8900
transpose_kernel_cpu,54693,0,1,1,28,0,0,0,0,2,10000,9000
transpose_kernel_cpu_collapse,40079,0,2,1,28,0,0,0,0,2,10000,9000
transpose_kernel_gpu_mem,308113,1,1,71,128,720000008,720000000,720000008,720000000,2,10000,9000
transpose_kernel_gpu_collapse_mem,331616,1,2,703125,128,720000008,720000000,720000008,720000000,2,10000,9000
transpose_kernel_gpu,56675,1,1,71,128,8,0,8,0,2,10000,9000
transpose_kernel_gpu_collapse,27789,1,2,703125,128,8,0,8,0,2,10000,9000
transpose_kernel_cpu,17211,0,1,1,28,0,0,0,0,2,10000,900
transpose_kernel_cpu_collapse,7019,0,2,1,28,0,0,0,0,2,10000,900
transpose_kernel_gpu_mem,51690,1,1,8,128,72000008,72000000,72000008,72000000,2,10000,900
transpose_kernel_gpu_collapse_mem,46326,1,2,70313,128,72000008,72000000,72000008,72000000,2,10000,900
transpose_kernel_gpu,15168,1,1,8,128,8,0,8,0,2,10000,900
transpose_kernel_gpu_collapse,3863,1,2,70313,128,8,0,8,0,2,10000,900
transpose_kernel_cpu,65147,0,1,1,28,0,0,0,0,2,10000,9100
transpose_kernel_cpu_collapse,53072,0,2,1,28,0,0,0,0,2,10000,9100
transpose_kernel_gpu_mem,366892,1,1,72,128,728000008,728000000,728000008,728000000,2,10000,9100
transpose_kernel_gpu_collapse_mem,437363,1,2,710938,128,728000008,728000000,728000008,728000000,2,10000,9100
transpose_kernel_gpu,57874,1,1,72,128,8,0,8,0,2,10000,9100
transpose_kernel_gpu_collapse,27569,1,2,710938,128,8,0,8,0,2,10000,9100
transpose_kernel_cpu,55846,0,1,1,28,0,0,0,0,2,10000,9200
transpose_kernel_cpu_collapse,44409,0,2,1,28,0,0,0,0,2,10000,9200
transpose_kernel_gpu_mem,345604,1,1,72,128,736000008,736000000,736000008,736000000,2,10000,9200
transpose_kernel_gpu_collapse_mem,434005,1,2,718750,128,736000008,736000000,736000008,736000000,2,10000,9200
transpose_kernel_gpu,57414,1,1,72,128,8,0,8,0,2,10000,9200
transpose_kernel_gpu_collapse,27813,1,2,718750,128,8,0,8,0,2,10000,9200
transpose_kernel_cpu,66612,0,1,1,28,0,0,0,0,2,10000,9300
transpose_kernel_cpu_collapse,63537,0,2,1,28,0,0,0,0,2,10000,9300
transpose_kernel_gpu_mem,344617,1,1,73,128,744000008,744000000,744000008,744000000,2,10000,9300
transpose_kernel_gpu_collapse_mem,378667,1,2,726563,128,744000008,744000000,744000008,744000000,2,10000,9300
transpose_kernel_gpu,60201,1,1,73,128,8,0,8,0,2,10000,9300
transpose_kernel_gpu_collapse,28488,1,2,726563,128,8,0,8,0,2,10000,9300
transpose_kernel_cpu,67996,0,1,1,28,0,0,0,0,2,10000,9400
transpose_kernel_cpu_collapse,46851,0,2,1,28,0,0,0,0,2,10000,9400
transpose_kernel_gpu_mem,357862,1,1,74,128,752000008,752000000,752000008,752000000,2,10000,9400
transpose_kernel_gpu_collapse_mem,433609,1,2,734375,128,752000008,752000000,752000008,752000000,2,10000,9400
transpose_kernel_gpu,61466,1,1,74,128,8,0,8,0,2,10000,9400
transpose_kernel_gpu_collapse,28521,1,2,734375,128,8,0,8,0,2,10000,9400
transpose_kernel_cpu,53438,0,1,1,28,0,0,0,0,2,10000,9500
transpose_kernel_cpu_collapse,47902,0,2,1,28,0,0,0,0,2,10000,9500
transpose_kernel_gpu_mem,361525,1,1,75,128,760000008,760000000,760000008,760000000,2,10000,9500
transpose_kernel_gpu_collapse_mem,466589,1,2,742188,128,760000008,760000000,760000008,760000000,2,10000,9500
transpose_kernel_gpu,63448,1,1,75,128,8,0,8,0,2,10000,9500
transpose_kernel_gpu_collapse,29171,1,2,742188,128,8,0,8,0,2,10000,9500
transpose_kernel_cpu,56315,0,1,1,28,0,0,0,0,2,10000,9600
transpose_kernel_cpu_collapse,46826,0,2,1,28,0,0,0,0,2,10000,9600
transpose_kernel_gpu_mem,361414,1,1,75,128,768000008,768000000,768000008,768000000,2,10000,9600
transpose_kernel_gpu_collapse_mem,508728,1,2,750000,128,768000008,768000000,768000008,768000000,2,10000,9600
transpose_kernel_gpu,62407,1,1,75,128,8,0,8,0,2,10000,9600
transpose_kernel_gpu_collapse,57380,1,2,750000,128,8,0,8,0,2,10000,9600
transpose_kernel_cpu,59212,0,1,1,28,0,0,0,0,2,10000,9700
transpose_kernel_cpu_collapse,46798,0,2,1,28,0,0,0,0,2,10000,9700
transpose_kernel_gpu_mem,366261,1,1,76,128,776000008,776000000,776000008,776000000,2,10000,9700
transpose_kernel_gpu_collapse_mem,444307,1,2,757813,128,776000008,776000000,776000008,776000000,2,10000,9700
transpose_kernel_gpu,66074,1,1,76,128,8,0,8,0,2,10000,9700
transpose_kernel_gpu_collapse,29643,1,2,757813,128,8,0,8,0,2,10000,9700
transpose_kernel_cpu,58240,0,1,1,28,0,0,0,0,2,10000,9800
transpose_kernel_cpu_collapse,45050,0,2,1,28,0,0,0,0,2,10000,9800
transpose_kernel_gpu_mem,375745,1,1,77,128,784000008,784000000,784000008,784000000,2,10000,9800
transpose_kernel_gpu_collapse_mem,486077,1,2,765625,128,784000008,784000000,784000008,784000000,2,10000,9800
transpose_kernel_gpu,67612,1,1,77,128,8,0,8,0,2,10000,9800
transpose_kernel_gpu_collapse,29898,1,2,765625,128,8,0,8,0,2,10000,9800
transpose_kernel_cpu,62607,0,1,1,28,0,0,0,0,2,10000,9900
transpose_kernel_cpu_collapse,48575,0,2,1,28,0,0,0,0,2,10000,9900
transpose_kernel_gpu_mem,407978,1,1,78,128,792000008,792000000,792000008,792000000,2,10000,9900
transpose_kernel_gpu_collapse_mem,442803,1,2,773438,128,792000008,792000000,792000008,792000000,2,10000,9900
transpose_kernel_gpu,69781,1,1,78,128,8,0,8,0,2,10000,9900
transpose_kernel_gpu_collapse,30240,1,2,773438,128,8,0,8,0,2,10000,9900
transpose_kernel_cpu,12806,0,1,1,28,0,0,0,0,2,1000,10000
transpose_kernel_cpu_collapse,7570,0,2,1,28,0,0,0,0,2,1000,10000
transpose_kernel_gpu_mem,50557,1,1,79,128,80000008,80000000,80000008,80000000,2,1000,10000
transpose_kernel_gpu_collapse_mem,50241,1,2,78125,128,80000008,80000000,80000008,80000000,2,1000,10000
transpose_kernel_gpu,9235,1,1,79,128,8,0,8,0,2,1000,10000
transpose_kernel_gpu_collapse,3716,1,2,78125,128,8,0,8,0,2,1000,10000
transpose_kernel_cpu,6927,0,1,1,28,0,0,0,0,2,1000,1000
transpose_kernel_cpu_collapse,363,0,2,1,28,0,0,0,0,2,1000,1000
transpose_kernel_gpu_mem,8313,1,1,8,128,8000008,8000000,8000008,8000000,2,1000,1000
transpose_kernel_gpu_collapse_mem,6498,1,2,7813,128,8000008,8000000,8000008,8000000,2,1000,1000
transpose_kernel_gpu,1583,1,1,8,128,8,0,8,0,2,1000,1000
transpose_kernel_gpu_collapse,425,1,2,7813,128,8,0,8,0,2,1000,1000
transpose_kernel_cpu,3049,0,1,1,28,0,0,0,0,2,1000,100
transpose_kernel_cpu_collapse,89,0,2,1,28,0,0,0,0,2,1000,100
transpose_kernel_gpu_mem,3250,1,1,1,128,800008,800000,800008,800000,2,1000,100
transpose_kernel_gpu_collapse_mem,1418,1,2,782,128,800008,800000,800008,800000,2,1000,100
transpose_kernel_gpu,1364,1,1,1,128,8,0,8,0,2,1000,100
transpose_kernel_gpu_collapse,112,1,2,782,128,8,0,8,0,2,1000,100
transpose_kernel_cpu,5977,0,1,1,28,0,0,0,0,2,1000,1100
transpose_kernel_cpu_collapse,378,0,2,1,28,0,0,0,0,2,1000,1100
transpose_kernel_gpu_mem,8271,1,1,9,128,8800008,8800000,8800008,8800000,2,1000,1100
transpose_kernel_gpu_collapse_mem,6697,1,2,8594,128,8800008,8800000,8800008,8800000,2,1000,1100
transpose_kernel_gpu,1595,1,1,9,128,8,0,8,0,2,1000,1100
transpose_kernel_gpu_collapse,451,1,2,8594,128,8,0,8,0,2,1000,1100
transpose_kernel_cpu,7024,0,1,1,28,0,0,0,0,2,1000,1200
transpose_kernel_cpu_collapse,249,0,2,1,28,0,0,0,0,2,1000,1200
transpose_kernel_gpu_mem,8390,1,1,10,128,9600008,9600000,9600008,9600000,2,1000,1200
transpose_kernel_gpu_collapse_mem,7021,1,2,9375,128,9600008,9600000,9600008,9600000,2,1000,1200
transpose_kernel_gpu,1611,1,1,10,128,8,0,8,0,2,1000,1200
transpose_kernel_gpu_collapse,503,1,2,9375,128,8,0,8,0,2,1000,1200
transpose_kernel_cpu,5282,0,1,1,28,0,0,0,0,2,1000,1300
transpose_kernel_cpu_collapse,5003,0,2,1,28,0,0,0,0,2,1000,1300
transpose_kernel_gpu_mem,8779,1,1,11,128,10400008,10400000,10400008,10400000,2,1000,1300
transpose_kernel_gpu_collapse_mem,7249,1,2,10157,128,10400008,10400000,10400008,10400000,2,1000,1300
transpose_kernel_gpu,1611,1,1,11,128,8,0,8,0,2,1000,1300
transpose_kernel_gpu_collapse,520,1,2,10157,128,8,0,8,0,2,1000,1300
transpose_kernel_cpu,6463,0,1,1,28,0,0,0,0,2,1000,1400
transpose_kernel_cpu_collapse,231,0,2,1,28,0,0,0,0,2,1000,1400
transpose_kernel_gpu_mem,9466,1,1,11,128,11200008,11200000,11200008,11200000,2,1000,1400
transpose_kernel_gpu_collapse_mem,8082,1,2,10938,128,11200008,11200000,11200008,11200000,2,1000,1400
transpose_kernel_gpu,1614,1,1,11,128,8,0,8,0,2,1000,1400
transpose_kernel_gpu_collapse,571,1,2,10938,128,8,0,8,0,2,1000,1400
transpose_kernel_cpu,9916,0,1,1,28,0,0,0,0,2,1000,1500
transpose_kernel_cpu_collapse,710,0,2,1,28,0,0,0,0,2,1000,1500
transpose_kernel_gpu_mem,9385,1,1,12,128,12000008,12000000,12000008,12000000,2,1000,1500
transpose_kernel_gpu_collapse_mem,10030,1,2,11719,128,12000008,12000000,12000008,12000000,2,1000,1500
transpose_kernel_gpu,1646,1,1,12,128,8,0,8,0,2,1000,1500
transpose_kernel_gpu_collapse,609,1,2,11719,128,8,0,8,0,2,1000,1500
transpose_kernel_cpu,6051,0,1,1,28,0,0,0,0,2,1000,1600
transpose_kernel_cpu_collapse,1369,0,2,1,28,0,0,0,0,2,1000,1600
transpose_kernel_gpu_mem,10508,1,1,13,128,12800008,12800000,12800008,12800000,2,1000,1600
transpose_kernel_gpu_collapse_mem,10347,1,2,12500,128,12800008,12800000,12800008,12800000,2,1000,1600
transpose_kernel_gpu,1637,1,1,13,128,8,0,8,0,2,1000,1600
transpose_kernel_gpu_collapse,642,1,2,12500,128,8,0,8,0,2,1000,1600
transpose_kernel_cpu,5834,0,1,1,28,0,0,0,0,2,1000,1700
transpose_kernel_cpu_collapse,520,0,2,1,28,0,0,0,0,2,1000,1700
transpose_kernel_gpu_mem,10102,1,1,14,128,13600008,13600000,13600008,13600000,2,1000,1700
transpose_kernel_gpu_collapse_mem,9270,1,2,13282,128,13600008,13600000,13600008,13600000,2,1000,1700
transpose_kernel_gpu,1644,1,1,14,128,8,0,8,0,2,1000,1700
transpose_kernel_gpu_collapse,667,1,2,13282,128,8,0,8,0,2,1000,1700
transpose_kernel_cpu,6290,0,1,1,28,0,0,0,0,2,1000,1800
transpose_kernel_cpu_collapse,504,0,2,1,28,0,0,0,0,2,1000,1800
transpose_kernel_gpu_mem,10532,1,1,15,128,14400008,14400000,14400008,14400000,2,1000,1800
transpose_kernel_gpu_collapse_mem,9697,1,2,14063,128,14400008,14400000,14400008,14400000,2,1000,1800
transpose_kernel_gpu,1656,1,1,15,128,8,0,8,0,2,1000,1800
transpose_kernel_gpu_collapse,696,1,2,14063,128,8,0,8,0,2,1000,1800
transpose_kernel_cpu,6124,0,1,1,28,0,0,0,0,2,1000,1900
transpose_kernel_cpu_collapse,360,0,2,1,28,0,0,0,0,2,1000,1900
transpose_kernel_gpu_mem,10559,1,1,15,128,15200008,15200000,15200008,15200000,2,1000,1900
transpose_kernel_gpu_collapse_mem,9981,1,2,14844,128,15200008,15200000,15200008,15200000,2,1000,1900
transpose_kernel_gpu,1666,1,1,15,128,8,0,8,0,2,1000,1900
transpose_kernel_gpu_collapse,736,1,2,14844,128,8,0,8,0,2,1000,1900
transpose_kernel_cpu,6088,0,1,1,28,0,0,0,0,2,1000,2000
transpose_kernel_cpu_collapse,5360,0,2,1,28,0,0,0,0,2,1000,2000
transpose_kernel_gpu_mem,11714,1,1,16,128,16000008,16000000,16000008,16000000,2,1000,2000
transpose_kernel_gpu_collapse_mem,11165,1,2,15625,128,16000008,16000000,16000008,16000000,2,1000,2000
transpose_kernel_gpu,1677,1,1,16,128,8,0,8,0,2,1000,2000
transpose_kernel_gpu_collapse,772,1,2,15625,128,8,0,8,0,2,1000,2000
transpose_kernel_cpu,5797,0,1,1,28,0,0,0,0,2,1000,200
transpose_kernel_cpu_collapse,4061,0,2,1,28,0,0,0,0,2,1000,200
transpose_kernel_gpu_mem,4211,1,1,2,128,1600008,1600000,1600008,1600000,2,1000,200
transpose_kernel_gpu_collapse_mem,2306,1,2,1563,128,1600008,1600000,1600008,1600000,2,1000,200
transpose_kernel_gpu,1514,1,1,2,128,8,0,8,0,2,1000,200
transpose_kernel_gpu_collapse,138,1,2,1563,128,8,0,8,0,2,1000,200
transpose_kernel_cpu,6747,0,1,1,28,0,0,0,0,2,1000,2100
transpose_kernel_cpu_collapse,660,0,2,1,28,0,0,0,0,2,1000,2100
transpose_kernel_gpu_mem,11388,1,1,17,128,16800008,16800000,16800008,16800000,2,1000,2100
transpose_kernel_gpu_collapse_mem,10986,1,2,16407,128,16800008,16800000,16800008,16800000,2,1000,2100
transpose_kernel_gpu,1716,1,1,17,128,8,0,8,0,2,1000,2100
transpose_kernel_gpu_collapse,800,1,2,16407,128,8,0,8,0,2,1000,2100
transpose_kernel_cpu,6718,0,1,1,28,0,0,0,0,2,1000,2200
transpose_kernel_cpu_collapse,642,0,2,1,28,0,0,0,0,2,1000,2200
transpose_kernel_gpu_mem,12178,1,1,18,128,17600008,17600000,17600008,17600000,2,1000,2200
transpose_kernel_gpu_collapse_mem,11677,1,2,17188,128,17600008,17600000,17600008,17600000,2,1000,2200
transpose_kernel_gpu,1732,1,1,18,128,8,0,8,0,2,1000,2200
transpose_kernel_gpu_collapse,841,1,2,17188,128,8,0,8,0,2,1000,2200
transpose_kernel_cpu,6802,0,1,1,28,0,0,0,0,2,1000,2300
transpose_kernel_cpu_collapse,594,0,2,1,28,0,0,0,0,2,1000,2300
transpose_kernel_gpu_mem,12053,1,1,18,128,18400008,18400000,18400008,18400000,2,1000,2300
transpose_kernel_gpu_collapse_mem,11883,1,2,17969,128,18400008,18400000,18400008,18400000,2,1000,2300
transpose_kernel_gpu,1762,1,1,18,128,8,0,8,0,2,1000,2300
transpose_kernel_gpu_collapse,869,1,2,17969,128,8,0,8,0,2,1000,2300
transpose_kernel_cpu,7134,0,1,1,28,0,0,0,0,2,1000,2400
transpose_kernel_cpu_collapse,834,0,2,1,28,0,0,0,0,2,1000,2400
transpose_kernel_gpu_mem,12943,1,1,19,128,19200008,19200000,19200008,19200000,2,1000,2400
transpose_kernel_gpu_collapse_mem,12662,1,2,18750,128,19200008,19200000,19200008,19200000,2,1000,2400
transpose_kernel_gpu,1724,1,1,19,128,8,0,8,0,2,1000,2400
transpose_kernel_gpu_collapse,915,1,2,18750,128,8,0,8,0,2,1000,2400
transpose_kernel_cpu,6411,0,1,1,28,0,0,0,0,2,1000,2500
transpose_kernel_cpu_collapse,573,0,2,1,28,0,0,0,0,2,1000,2500
transpose_kernel_gpu_mem,12879,1,1,20,128,20000008,20000000,20000008,20000000,2,1000,2500
transpose_kernel_gpu_collapse_mem,12820,1,2,19532,128,20000008,20000000,20000008,20000000,2,1000,2500
transpose_kernel_gpu,1847,1,1,20,128,8,0,8,0,2,1000,2500
transpose_kernel_gpu_collapse,942,1,2,19532,128,8,0,8,0,2,1000,2500
transpose_kernel_cpu,5936,0,1,1,28,0,0,0,0,2,1000,2600
transpose_kernel_cpu_collapse,848,0,2,1,28,0,0,0,0,2,1000,2600
transpose_kernel_gpu_mem,13864,1,1,21,128,20800008,20800000,20800008,20800000,2,1000,2600
transpose_kernel_gpu_collapse_mem,13807,1,2,20313,128,20800008,20800000,20800008,20800000,2,1000,2600
transpose_kernel_gpu,1901,1,1,21,128,8,0,8,0,2,1000,2600
transpose_kernel_gpu_collapse,986,1,2,20313,128,8,0,8,0,2,1000,2600
transpose_kernel_cpu,7190,0,1,1,28,0,0,0,0,2,1000,2700
transpose_kernel_cpu_collapse,802,0,2,1,28,0,0,0,0,2,1000,2700
transpose_kernel_gpu_mem,15340,1,1,22,128,21600008,21600000,21600008,21600000,2,1000,2700
transpose_kernel_gpu_collapse_mem,14954,1,2,21094,128,21600008,21600000,21600008,21600000,2,1000,2700
transpose_kernel_gpu,1973,1,1,22,128,8,0,8,0,2,1000,2700
transpose_kernel_gpu_collapse,1016,1,2,21094,128,8,0,8,0,2,1000,2700
transpose_kernel_cpu,6563,0,1,1,28,0,0,0,0,2,1000,2800
transpose_kernel_cpu_collapse,797,0,2,1,28,0,0,0,0,2,1000,2800
transpose_kernel_gpu_mem,15580,1,1,22,128,22400008,22400000,22400008,22400000,2,1000,2800
transpose_kernel_gpu_collapse_mem,15365,1,2,21875,128,22400008,22400000,22400008,22400000,2,1000,2800
transpose_kernel_gpu,1961,1,1,22,128,8,0,8,0,2,1000,2800
transpose_kernel_gpu_collapse,1050,1,2,21875,128,8,0,8,0,2,1000,2800
transpose_kernel_cpu,6824,0,1,1,28,0,0,0,0,2,1000,2900
transpose_kernel_cpu_collapse,3182,0,2,1,28,0,0,0,0,2,1000,2900
transpose_kernel_gpu_mem,15159,1,1,23,128,23200008,23200000,23200008,23200000,2,1000,2900
transpose_kernel_gpu_collapse_mem,15030,1,2,22657,128,23200008,23200000,23200008,23200000,2,1000,2900
transpose_kernel_gpu,1991,1,1,23,128,8,0,8,0,2,1000,2900
transpose_kernel_gpu_collapse,1087,1,2,22657,128,8,0,8,0,2,1000,2900
transpose_kernel_cpu,6768,0,1,1,28,0,0,0,0,2,1000,3000
transpose_kernel_cpu_collapse,605,0,2,1,28,0,0,0,0,2,1000,3000
transpose_kernel_gpu_mem,14725,1,1,24,128,24000008,24000000,24000008,24000000,2,1000,3000
transpose_kernel_gpu_collapse_mem,15113,1,2,23438,128,24000008,24000000,24000008,24000000,2,1000,3000
transpose_kernel_gpu,1992,1,1,24,128,8,0,8,0,2,1000,3000
transpose_kernel_gpu_collapse,1119,1,2,23438,128,8,0,8,0,2,1000,3000
transpose_kernel_cpu,8041,0,1,1,28,0,0,0,0,2,1000,300
transpose_kernel_cpu_collapse,1400,0,2,1,28,0,0,0,0,2,1000,300
transpose_kernel_gpu_mem,5494,1,1,3,128,2400008,2400000,2400008,2400000,2,1000,300
transpose_kernel_gpu_collapse_mem,3402,1,2,2344,128,2400008,2400000,2400008,2400000,2,1000,300
transpose_kernel_gpu,1688,1,1,3,128,8,0,8,0,2,1000,300
transpose_kernel_gpu_collapse,270,1,2,2344,128,8,0,8,0,2,1000,300
transpose_kernel_cpu,6336,0,1,1,28,0,0,0,0,2,1000,3100
transpose_kernel_cpu_collapse,872,0,2,1,28,0,0,0,0,2,1000,3100
transpose_kernel_gpu_mem,15075,1,1,25,128,24800008,24800000,24800008,24800000,2,1000,3100
transpose_kernel_gpu_collapse_mem,15627,1,2,24219,128,24800008,24800000,24800008,24800000,2,1000,3100
transpose_kernel_gpu,1991,1,1,25,128,8,0,8,0,2,1000,3100
transpose_kernel_gpu_collapse,1158,1,2,24219,128,8,0,8,0,2,1000,3100
transpose_kernel_cpu,7199,0,1,1,28,0,0,0,0,2,1000,3200
transpose_kernel_cpu_collapse,721,0,2,1,28,0,0,0,0,2,1000,3200
transpose_kernel_gpu_mem,16058,1,1,25,128,25600008,25600000,25600008,25600000,2,1000,3200
transpose_kernel_gpu_collapse_mem,16655,1,2,25000,128,25600008,25600000,25600008,25600000,2,1000,3200
transpose_kernel_gpu,1990,1,1,25,128,8,0,8,0,2,1000,3200
transpose_kernel_gpu_collapse,1188,1,2,25000,128,8,0,8,0,2,1000,3200
transpose_kernel_cpu,6739,0,1,1,28,0,0,0,0,2,1000,3300
transpose_kernel_cpu_collapse,1170,0,2,1,28,0,0,0,0,2,1000,3300
transpose_kernel_gpu_mem,16565,1,1,26,128,26400008,26400000,26400008,26400000,2,1000,3300
transpose_kernel_gpu_collapse_mem,16986,1,2,25782,128,26400008,26400000,26400008,26400000,2,1000,3300
transpose_kernel_gpu,2015,1,1,26,128,8,0,8,0,2,1000,3300
transpose_kernel_gpu_collapse,1232,1,2,25782,128,8,0,8,0,2,1000,3300
transpose_kernel_cpu,6936,0,1,1,28,0,0,0,0,2,1000,3400
transpose_kernel_cpu_collapse,639,0,2,1,28,0,0,0,0,2,1000,3400
transpose_kernel_gpu_mem,16768,1,1,27,128,27200008,27200000,27200008,27200000,2,1000,3400
transpose_kernel_gpu_collapse_mem,17786,1,2,26563,128,27200008,27200000,27200008,27200000,2,1000,3400
transpose_kernel_gpu,2011,1,1,27,128,8,0,8,0,2,1000,3400
transpose_kernel_gpu_collapse,1263,1,2,26563,128,8,0,8,0,2,1000,3400
transpose_kernel_cpu,7091,0,1,1,28,0,0,0,0,2,1000,3500
transpose_kernel_cpu_collapse,1125,0,2,1,28,0,0,0,0,2,1000,3500
transpose_kernel_gpu_mem,17338,1,1,28,128,28000008,28000000,28000008,28000000,2,1000,3500
transpose_kernel_gpu_collapse_mem,18452,1,2,27344,128,28000008,28000000,28000008,28000000,2,1000,3500
transpose_kernel_gpu,2065,1,1,28,128,8,0,8,0,2,1000,3500
transpose_kernel_gpu_collapse,1305,1,2,27344,128,8,0,8,0,2,1000,3500
transpose_kernel_cpu,7377,0,1,1,28,0,0,0,0,2,1000,3600
transpose_kernel_cpu_collapse,1497,0,2,1,28,0,0,0,0,2,1000,3600
transpose_kernel_gpu_mem,17552,1,1,29,128,28800008,28800000,28800008,28800000,2,1000,3600
transpose_kernel_gpu_collapse_mem,18209,1,2,28125,128,28800008,28800000,28800008,28800000,2,1000,3600
transpose_kernel_gpu,2032,1,1,29,128,8,0,8,0,2,1000,3600
transpose_kernel_gpu_collapse,1331,1,2,28125,128,8,0,8,0,2,1000,3600
transpose_kernel_cpu,7771,0,1,1,28,0,0,0,0,2,1000,3700
transpose_kernel_cpu_collapse,1965,0,2,1,28,0,0,0,0,2,1000,3700
transpose_kernel_gpu_mem,17528,1,1,29,128,29600008,29600000,29600008,29600000,2,1000,3700
transpose_kernel_gpu_collapse_mem,18692,1,2,28907,128,29600008,29600000,29600008,29600000,2,1000,3700
transpose_kernel_gpu,2112,1,1,29,128,8,0,8,0,2,1000,3700
transpose_kernel_gpu_collapse,1363,1,2,28907,128,8,0,8,0,2,1000,3700
transpose_kernel_cpu,7486,0,1,1,28,0,0,0,0,2,1000,3800
transpose_kernel_cpu_collapse,1293,0,2,1,28,0,0,0,0,2,1000,3800
transpose_kernel_gpu_mem,19558,1,1,30,128,30400008,30400000,30400008,30400000,2,1000,3800
transpose_kernel_gpu_collapse_mem,20769,1,2,29688,128,30400008,30400000,30400008,30400000,2,1000,3800
transpose_kernel_gpu,2134,1,1,30,128,8,0,8,0,2,1000,3800
transpose_kernel_gpu_collapse,1405,1,2,29688,128,8,0,8,0,2,1000,3800
transpose_kernel_cpu,9058,0,1,1,28,0,0,0,0,2,1000,3900
transpose_kernel_cpu_collapse,1295,0,2,1,28,0,0,0,0,2,1000,3900
transpose_kernel_gpu_mem,18028,1,1,31,128,31200008,31200000,31200008,31200000,2,1000,3900
transpose_kernel_gpu_collapse_mem,19478,1,2,30469,128,31200008,31200000,31200008,31200000,2,1000,3900
transpose_kernel_gpu,2189,1,1,31,128,8,0,8,0,2,1000,3900
transpose_kernel_gpu_collapse,1438,1,2,30469,128,8,0,8,0,2,1000,3900
transpose_kernel_cpu,11159,0,1,1,28,0,0,0,0,2,1000,4000
transpose_kernel_cpu_collapse,1700,0,2,1,28,0,0,0,0,2,1000,4000
transpose_kernel_gpu_mem,19038,1,1,32,128,32000008,32000000,32000008,32000000,2,1000,4000
transpose_kernel_gpu_collapse_mem,20512,1,2,31250,128,32000008,32000000,32000008,32000000,2,1000,4000
transpose_kernel_gpu,2114,1,1,32,128,8,0,8,0,2,1000,4000
transpose_kernel_gpu_collapse,1486,1,2,31250,128,8,0,8,0,2,1000,4000
transpose_kernel_cpu,9103,0,1,1,28,0,0,0,0,2,1000,400
transpose_kernel_cpu_collapse,560,0,2,1,28,0,0,0,0,2,1000,400
transpose_kernel_gpu_mem,5219,1,1,4,128,3200008,3200000,3200008,3200000,2,1000,400
transpose_kernel_gpu_collapse_mem,3220,1,2,3125,128,3200008,3200000,3200008,3200000,2,1000,400
transpose_kernel_gpu,1554,1,1,4,128,8,0,8,0,2,1000,400
transpose_kernel_gpu_collapse,211,1,2,3125,128,8,0,8,0,2,1000,400
transpose_kernel_cpu,8783,0,1,1,28,0,0,0,0,2,1000,4100
transpose_kernel_cpu_collapse,3061,0,2,1,28,0,0,0,0,2,1000,4100
transpose_kernel_gpu_mem,20356,1,1,33,128,32800008,32800000,32800008,32800000,2,1000,4100
transpose_kernel_gpu_collapse_mem,21673,1,2,32032,128,32800008,32800000,32800008,32800000,2,1000,4100
transpose_kernel_gpu,2250,1,1,33,128,8,0,8,0,2,1000,4100
transpose_kernel_gpu_collapse,1513,1,2,32032,128,8,0,8,0,2,1000,4100
transpose_kernel_cpu,10015,0,1,1,28,0,0,0,0,2,1000,4200
transpose_kernel_cpu_collapse,1356,0,2,1,28,0,0,0,0,2,1000,4200
transpose_kernel_gpu_mem,19138,1,1,33,128,33600008,33600000,33600008,33600000,2,1000,4200
transpose_kernel_gpu_collapse_mem,20874,1,2,32813,128,33600008,33600000,33600008,33600000,2,1000,4200
transpose_kernel_gpu,2257,1,1,33,128,8,0,8,0,2,1000,4200
transpose_kernel_gpu_collapse,1547,1,2,32813,128,8,0,8,0,2,1000,4200
transpose_kernel_cpu,15391,0,1,1,28,0,0,0,0,2,1000,4300
transpose_kernel_cpu_collapse,4177,0,2,1,28,0,0,0,0,2,1000,4300
transpose_kernel_gpu_mem,19629,1,1,34,128,34400008,34400000,34400008,34400000,2,1000,4300
transpose_kernel_gpu_collapse_mem,23942,1,2,33594,128,34400008,34400000,34400008,34400000,2,1000,4300
transpose_kernel_gpu,2337,1,1,34,128,8,0,8,0,2,1000,4300
transpose_kernel_gpu_collapse,1587,1,2,33594,128,8,0,8,0,2,1000,4300
transpose_kernel_cpu,10253,0,1,1,28,0,0,0,0,2,1000,4400
transpose_kernel_cpu_collapse,2597,0,2,1,28,0,0,0,0,2,1000,4400
transpose_kernel_gpu_mem,21791,1,1,35,128,35200008,35200000,35200008,35200000,2,1000,4400
transpose_kernel_gpu_collapse_mem,22617,1,2,34375,128,35200008,35200000,35200008,35200000,2,1000,4400
transpose_kernel_gpu,2278,1,1,35,128,8,0,8,0,2,1000,4400
transpose_kernel_gpu_collapse,1614,1,2,34375,128,8,0,8,0,2,1000,4400
transpose_kernel_cpu,11912,0,1,1,28,0,0,0,0,2,1000,4500
transpose_kernel_cpu_collapse,2950,0,2,1,28,0,0,0,0,2,1000,4500
transpose_kernel_gpu_mem,22932,1,1,36,128,36000008,36000000,36000008,36000000,2,1000,4500
transpose_kernel_gpu_collapse_mem,24482,1,2,35157,128,36000008,36000000,36000008,36000000,2,1000,4500
transpose_kernel_gpu,2439,1,1,36,128,8,0,8,0,2,1000,4500
transpose_kernel_gpu_collapse,1653,1,2,35157,128,8,0,8,0,2,1000,4500
transpose_kernel_cpu,9455,0,1,1,28,0,0,0,0,2,1000,4600
transpose_kernel_cpu_collapse,2654,0,2,1,28,0,0,0,0,2,1000,4600
transpose_kernel_gpu_mem,21834,1,1,36,128,36800008,36800000,36800008,36800000,2,1000,4600
transpose_kernel_gpu_collapse_mem,23569,1,2,35938,128,36800008,36800000,36800008,36800000,2,1000,4600
transpose_kernel_gpu,2489,1,1,36,128,8,0,8,0,2,1000,4600
transpose_kernel_gpu_collapse,1688,1,2,35938,128,8,0,8,0,2,1000,4600
transpose_kernel_cpu,11751,0,1,1,28,0,0,0,0,2,1000,4700
transpose_kernel_cpu_collapse,5142,0,2,1,28,0,0,0,0,2,1000,4700
transpose_kernel_gpu_mem,22565,1,1,37,128,37600008,37600000,37600008,37600000,2,1000,4700
transpose_kernel_gpu_collapse_mem,28424,1,2,36719,128,37600008,37600000,37600008,37600000,2,1000,4700
transpose_kernel_gpu,2583,1,1,37,128,8,0,8,0,2,1000,4700
transpose_kernel_gpu_collapse,1732,1,2,36719,128,8,0,8,0,2,1000,4700
transpose_kernel_cpu,11329,0,1,1,28,0,0,0,0,2,1000,4800
transpose_kernel_cpu_collapse,1977,0,2,1,28,0,0,0,0,2,1000,4800
transpose_kernel_gpu_mem,24128,1,1,38,128,38400008,38400000,38400008,38400000,2,1000,4800
transpose_kernel_gpu_collapse_mem,26127,1,2,37500,128,38400008,38400000,38400008,38400000,2,1000,4800
transpose_kernel_gpu,2505,1,1,38,128,8,0,8,0,2,1000,4800
transpose_kernel_gpu_collapse,1806,1,2,37500,128,8,0,8,0,2,1000,4800
transpose_kernel_cpu,11656,0,1,1,28,0,0,0,0,2,1000,4900
transpose_kernel_cpu_collapse,3268,0,2,1,28,0,0,0,0,2,1000,4900
transpose_kernel_gpu_mem,24859,1,1,39,128,39200008,39200000,39200008,39200000,2,1000,4900
transpose_kernel_gpu_collapse_mem,26582,1,2,38282,128,39200008,39200000,39200008,39200000,2,1000,4900
transpose_kernel_gpu,2726,1,1,39,128,8,0,8,0,2,1000,4900
transpose_kernel_gpu_collapse,1809,1,2,38282,128,8,0,8,0,2,1000,4900
transpose_kernel_cpu,10251,0,1,1,28,0,0,0,0,2,1000,5000
transpose_kernel_cpu_collapse,3122,0,2,1,28,0,0,0,0,2,1000,5000
transpose_kernel_gpu_mem,23795,1,1,40,128,40000008,40000000,40000008,40000000,2,1000,5000
transpose_kernel_gpu_collapse_mem,25833,1,2,39063,128,40000008,40000000,40000008,40000000,2,1000,5000
transpose_kernel_gpu,2841,1,1,40,128,8,0,8,0,2,1000,5000
transpose_kernel_gpu_collapse,1838,1,2,39063,128,8,0,8,0,2,1000,5000
transpose_kernel_cpu,7395,0,1,1,28,0,0,0,0,2,1000,500
transpose_kernel_cpu_collapse,226,0,2,1,28,0,0,0,0,2,1000,500
transpose_kernel_gpu_mem,5664,1,1,4,128,4000008,4000000,4000008,4000000,2,1000,500
transpose_kernel_gpu_collapse_mem,3683,1,2,3907,128,4000008,4000000,4000008,4000000,2,1000,500
transpose_kernel_gpu,1577,1,1,4,128,8,0,8,0,2,1000,500
transpose_kernel_gpu_collapse,252,1,2,3907,128,8,0,8,0,2,1000,500
transpose_kernel_cpu,11651,0,1,1,28,0,0,0,0,2,1000,5100
transpose_kernel_cpu_collapse,2726,0,2,1,28,0,0,0,0,2,1000,5100
transpose_kernel_gpu_mem,24717,1,1,40,128,40800008,40800000,40800008,40800000,2,1000,5100
transpose_kernel_gpu_collapse_mem,25968,1,2,39844,128,40800008,40800000,40800008,40800000,2,1000,5100
transpose_kernel_gpu,2912,1,1,40,128,8,0,8,0,2,1000,5100
transpose_kernel_gpu_collapse,1865,1,2,39844,128,8,0,8,0,2,1000,5100
transpose_kernel_cpu,12222,0,1,1,28,0,0,0,0,2,1000,5200
transpose_kernel_cpu_collapse,2790,0,2,1,28,0,0,0,0,2,1000,5200
transpose_kernel_gpu_mem,26348,1,1,41,128,41600008,41600000,41600008,41600000,2,1000,5200
transpose_kernel_gpu_collapse_mem,28120,1,2,40625,128,41600008,41600000,41600008,41600000,2,1000,5200
transpose_kernel_gpu,2866,1,1,41,128,8,0,8,0,2,1000,5200
transpose_kernel_gpu_collapse,1912,1,2,40625,128,8,0,8,0,2,1000,5200
transpose_kernel_cpu,10913,0,1,1,28,0,0,0,0,2,1000,5300
transpose_kernel_cpu_collapse,3419,0,2,1,28,0,0,0,0,2,1000,5300
transpose_kernel_gpu_mem,26424,1,1,42,128,42400008,42400000,42400008,42400000,2,1000,5300
transpose_kernel_gpu_collapse_mem,27963,1,2,41407,128,42400008,42400000,42400008,42400000,2,1000,5300
transpose_kernel_gpu,3029,1,1,42,128,8,0,8,0,2,1000,5300
transpose_kernel_gpu_collapse,1945,1,2,41407,128,8,0,8,0,2,1000,5300
transpose_kernel_cpu,11832,0,1,1,28,0,0,0,0,2,1000,5400
transpose_kernel_cpu_collapse,2074,0,2,1,28,0,0,0,0,2,1000,5400
transpose_kernel_gpu_mem,25742,1,1,43,128,43200008,43200000,43200008,43200000,2,1000,5400
transpose_kernel_gpu_collapse_mem,27398,1,2,42188,128,43200008,43200000,43200008,43200000,2,1000,5400
transpose_kernel_gpu,3120,1,1,43,128,8,0,8,0,2,1000,5400
transpose_kernel_gpu_collapse,1973,1,2,42188,128,8,0,8,0,2,1000,5400
transpose_kernel_cpu,10346,0,1,1,28,0,0,0,0,2,1000,5500
transpose_kernel_cpu_collapse,2525,0,2,1,28,0,0,0,0,2,1000,5500
transpose_kernel_gpu_mem,26141,1,1,43,128,44000008,44000000,44000008,44000000,2,1000,5500
transpose_kernel_gpu_collapse_mem,27586,1,2,42969,128,44000008,44000000,44000008,44000000,2,1000,5500
transpose_kernel_gpu,3300,1,1,43,128,8,0,8,0,2,1000,5500
transpose_kernel_gpu_collapse,2007,1,2,42969,128,8,0,8,0,2,1000,5500
transpose_kernel_cpu,9737,0,1,1,28,0,0,0,0,2,1000,5600
transpose_kernel_cpu_collapse,3919,0,2,1,28,0,0,0,0,2,1000,5600
transpose_kernel_gpu_mem,27020,1,1,44,128,44800008,44800000,44800008,44800000,2,1000,5600
transpose_kernel_gpu_collapse_mem,33693,1,2,43750,128,44800008,44800000,44800008,44800000,2,1000,5600
transpose_kernel_gpu,3219,1,1,44,128,8,0,8,0,2,1000,5600
transpose_kernel_gpu_collapse,2057,1,2,43750,128,8,0,8,0,2,1000,5600
transpose_kernel_cpu,12193,0,1,1,28,0,0,0,0,2,1000,5700
transpose_kernel_cpu_collapse,2560,0,2,1,28,0,0,0,0,2,1000,5700
transpose_kernel_gpu_mem,26957,1,1,45,128,45600008,45600000,45600008,45600000,2,1000,5700
transpose_kernel_gpu_collapse_mem,28595,1,2,44532,128,45600008,45600000,45600008,45600000,2,1000,5700
transpose_kernel_gpu,3444,1,1,45,128,8,0,8,0,2,1000,5700
transpose_kernel_gpu_collapse,2083,1,2,44532,128,8,0,8,0,2,1000,5700
transpose_kernel_cpu,23154,0,1,1,28,0,0,0,0,2,1000,5800
transpose_kernel_cpu_collapse,6906,0,2,1,28,0,0,0,0,2,1000,5800
transpose_kernel_gpu_mem,38453,1,1,46,128,46400008,46400000,46400008,46400000,2,1000,5800
transpose_kernel_gpu_collapse_mem,33785,1,2,45313,128,46400008,46400000,46400008,46400000,2,1000,5800
transpose_kernel_gpu,3527,1,1,46,128,8,0,8,0,2,1000,5800
transpose_kernel_gpu_collapse,2138,1,2,45313,128,8,0,8,0,2,1000,5800
transpose_kernel_cpu,10320,0,1,1,28,0,0,0,0,2,1000,5900
transpose_kernel_cpu_collapse,5126,0,2,1,28,0,0,0,0,2,1000,5900
transpose_kernel_gpu_mem,29759,1,1,47,128,47200008,47200000,47200008,47200000,2,1000,5900
transpose_kernel_gpu_collapse_mem,31722,1,2,46094,128,47200008,47200000,47200008,47200000,2,1000,5900
transpose_kernel_gpu,3647,1,1,47,128,8,0,8,0,2,1000,5900
transpose_kernel_gpu_collapse,2157,1,2,46094,128,8,0,8,0,2,1000,5900
transpose_kernel_cpu,10397,0,1,1,28,0,0,0,0,2,1000,6000
transpose_kernel_cpu_collapse,5371,0,2,1,28,0,0,0,0,2,1000,6000
transpose_kernel_gpu_mem,28371,1,1,47,128,48000008,48000000,48000008,48000000,2,1000,6000
transpose_kernel_gpu_collapse_mem,31183,1,2,46875,128,48000008,48000000,48000008,48000000,2,1000,6000
transpose_kernel_gpu,3733,1,1,47,128,8,0,8,0,2,1000,6000
transpose_kernel_gpu_collapse,2201,1,2,46875,128,8,0,8,0,2,1000,6000
transpose_kernel_cpu,6722,0,1,1,28,0,0,0,0,2,1000,600
transpose_kernel_cpu_collapse,257,0,2,1,28,0,0,0,0,2,1000,600
transpose_kernel_gpu_mem,6859,1,1,5,128,4800008,4800000,4800008,4800000,2,1000,600
transpose_kernel_gpu_collapse_mem,5678,1,2,4688,128,4800008,4800000,4800008,4800000,2,1000,600
transpose_kernel_gpu,1569,1,1,5,128,8,0,8,0,2,1000,600
transpose_kernel_gpu_collapse,317,1,2,4688,128,8,0,8,0,2,1000,600
transpose_kernel_cpu,12532,0,1,1,28,0,0,0,0,2,1000,6100
transpose_kernel_cpu_collapse,5559,0,2,1,28,0,0,0,0,2,1000,6100
transpose_kernel_gpu_mem,29343,1,1,48,128,48800008,48800000,48800008,48800000,2,1000,6100
transpose_kernel_gpu_collapse_mem,31805,1,2,47657,128,48800008,48800000,48800008,48800000,2,1000,6100
transpose_kernel_gpu,3907,1,1,48,128,8,0,8,0,2,1000,6100
transpose_kernel_gpu_collapse,2225,1,2,47657,128,8,0,8,0,2,1000,6100
transpose_kernel_cpu,10009,0,1,1,28,0,0,0,0,2,1000,6200
transpose_kernel_cpu_collapse,4358,0,2,1,28,0,0,0,0,2,1000,6200
transpose_kernel_gpu_mem,28681,1,1,49,128,49600008,49600000,49600008,49600000,2,1000,6200
transpose_kernel_gpu_collapse_mem,30960,1,2,48438,128,49600008,49600000,49600008,49600000,2,1000,6200
transpose_kernel_gpu,3849,1,1,49,128,8,0,8,0,2,1000,6200
transpose_kernel_gpu_collapse,2256,1,2,48438,128,8,0,8,0,2,1000,6200
transpose_kernel_cpu,11197,0,1,1,28,0,0,0,0,2,1000,6300
transpose_kernel_cpu_collapse,5390,0,2,1,28,0,0,0,0,2,1000,6300
transpose_kernel_gpu_mem,32092,1,1,50,128,50400008,50400000,50400008,50400000,2,1000,6300
transpose_kernel_gpu_collapse_mem,34331,1,2,49219,128,50400008,50400000,50400008,50400000,2,1000,6300
transpose_kernel_gpu,3937,1,1,50,128,8,0,8,0,2,1000,6300
transpose_kernel_gpu_collapse,2312,1,2,49219,128,8,0,8,0,2,1000,6300
transpose_kernel_cpu,12571,0,1,1,28,0,0,0,0,2,1000,6400
transpose_kernel_cpu_collapse,3129,0,2,1,28,0,0,0,0,2,1000,6400
transpose_kernel_gpu_mem,32547,1,1,50,128,51200008,51200000,51200008,51200000,2,1000,6400
transpose_kernel_gpu_collapse_mem,35084,1,2,50000,128,51200008,51200000,51200008,51200000,2,1000,6400
transpose_kernel_gpu,3875,1,1,50,128,8,0,8,0,2,1000,6400
transpose_kernel_gpu_collapse,2353,1,2,50000,128,8,0,8,0,2,1000,6400
transpose_kernel_cpu,13248,0,1,1,28,0,0,0,0,2,1000,6500
transpose_kernel_cpu_collapse,3111,0,2,1,28,0,0,0,0,2,1000,6500
transpose_kernel_gpu_mem,32464,1,1,51,128,52000008,52000000,52000008,52000000,2,1000,6500
transpose_kernel_gpu_collapse_mem,34279,1,2,50782,128,52000008,52000000,52000008,52000000,2,1000,6500
transpose_kernel_gpu,4108,1,1,51,128,8,0,8,0,2,1000,6500
transpose_kernel_gpu_collapse,2379,1,2,50782,128,8,0,8,0,2,1000,6500
transpose_kernel_cpu,10212,0,1,1,28,0,0,0,0,2,1000,6600
transpose_kernel_cpu_collapse,3942,0,2,1,28,0,0,0,0,2,1000,6600
transpose_kernel_gpu_mem,33567,1,1,52,128,52800008,52800000,52800008,52800000,2,1000,6600
transpose_kernel_gpu_collapse_mem,35805,1,2,51563,128,52800008,52800000,52800008,52800000,2,1000,6600
transpose_kernel_gpu,4242,1,1,52,128,8,0,8,0,2,1000,6600
transpose_kernel_gpu_collapse,2415,1,2,51563,128,8,0,8,0,2,1000,6600
transpose_kernel_cpu,12777,0,1,1,28,0,0,0,0,2,1000,6700
transpose_kernel_cpu_collapse,4544,0,2,1,28,0,0,0,0,2,1000,6700
transpose_kernel_gpu_mem,33058,1,1,53,128,53600008,53600000,53600008,53600000,2,1000,6700
transpose_kernel_gpu_collapse_mem,35257,1,2,52344,128,53600008,53600000,53600008,53600000,2,1000,6700
transpose_kernel_gpu,4388,1,1,53,128,8,0,8,0,2,1000,6700
transpose_kernel_gpu_collapse,2460,1,2,52344,128,8,0,8,0,2,1000,6700
transpose_kernel_cpu,9924,0,1,1,28,0,0,0,0,2,1000,6800
transpose_kernel_cpu_collapse,5133,0,2,1,28,0,0,0,0,2,1000,6800
transpose_kernel_gpu_mem,34926,1,1,54,128,54400008,54400000,54400008,54400000,2,1000,6800
transpose_kernel_gpu_collapse_mem,37376,1,2,53125,128,54400008,54400000,54400008,54400000,2,1000,6800
transpose_kernel_gpu,4457,1,1,54,128,8,0,8,0,2,1000,6800
transpose_kernel_gpu_collapse,2499,1,2,53125,128,8,0,8,0,2,1000,6800
transpose_kernel_cpu,12026,0,1,1,28,0,0,0,0,2,1000,6900
transpose_kernel_cpu_collapse,6099,0,2,1,28,0,0,0,0,2,1000,6900
transpose_kernel_gpu_mem,34916,1,1,54,128,55200008,55200000,55200008,55200000,2,1000,6900
transpose_kernel_gpu_collapse_mem,37623,1,2,53907,128,55200008,55200000,55200008,55200000,2,1000,6900
transpose_kernel_gpu,4741,1,1,54,128,8,0,8,0,2,1000,6900
transpose_kernel_gpu_collapse,2525,1,2,53907,128,8,0,8,0,2,1000,6900
transpose_kernel_cpu,12529,0,1,1,28,0,0,0,0,2,1000,7000
transpose_kernel_cpu_collapse,3115,0,2,1,28,0,0,0,0,2,1000,7000
transpose_kernel_gpu_mem,34687,1,1,55,128,56000008,56000000,56000008,56000000,2,1000,7000
transpose_kernel_gpu_collapse_mem,38037,1,2,54688,128,56000008,56000000,56000008,56000000,2,1000,7000
transpose_kernel_gpu,4801,1,1,55,128,8,0,8,0,2,1000,7000
transpose_kernel_gpu_collapse,2460,1,2,54688,128,8,0,8,0,2,1000,7000
transpose_kernel_cpu,8019,0,1,1,28,0,0,0,0,2,1000,700
transpose_kernel_cpu_collapse,263,0,2,1,28,0,0,0,0,2,1000,700
transpose_kernel_gpu_mem,6576,1,1,6,128,5600008,5600000,5600008,5600000,2,1000,700
transpose_kernel_gpu_collapse_mem,4728,1,2,5469,128,5600008,5600000,5600008,5600000,2,1000,700
transpose_kernel_gpu,1576,1,1,6,128,8,0,8,0,2,1000,700
transpose_kernel_gpu_collapse,319,1,2,5469,128,8,0,8,0,2,1000,700
transpose_kernel_cpu,13955,0,1,1,28,0,0,0,0,2,1000,7100
transpose_kernel_cpu_collapse,3472,0,2,1,28,0,0,0,0,2,1000,7100
transpose_kernel_gpu_mem,35739,1,1,56,128,56800008,56800000,56800008,56800000,2,1000,7100
transpose_kernel_gpu_collapse_mem,38651,1,2,55469,128,56800008,56800000,56800008,56800000,2,1000,7100
transpose_kernel_gpu,4922,1,1,56,128,8,0,8,0,2,1000,7100
transpose_kernel_gpu_collapse,2598,1,2,55469,128,8,0,8,0,2,1000,7100
transpose_kernel_cpu,12033,0,1,1,28,0,0,0,0,2,1000,7200
transpose_kernel_cpu_collapse,5862,0,2,1,28,0,0,0,0,2,1000,7200
transpose_kernel_gpu_mem,34981,1,1,57,128,57600008,57600000,57600008,57600000,2,1000,7200
transpose_kernel_gpu_collapse_mem,37405,1,2,56250,128,57600008,57600000,57600008,57600000,2,1000,7200
transpose_kernel_gpu,4878,1,1,57,128,8,0,8,0,2,1000,7200
transpose_kernel_gpu_collapse,2650,1,2,56250,128,8,0,8,0,2,1000,7200
transpose_kernel_cpu,13761,0,1,1,28,0,0,0,0,2,1000,7300
transpose_kernel_cpu_collapse,5090,0,2,1,28,0,0,0,0,2,1000,7300
transpose_kernel_gpu_mem,35349,1,1,58,128,58400008,58400000,58400008,58400000,2,1000,7300
transpose_kernel_gpu_collapse_mem,37988,1,2,57032,128,58400008,58400000,58400008,58400000,2,1000,7300
transpose_kernel_gpu,5185,1,1,58,128,8,0,8,0,2,1000,7300
transpose_kernel_gpu_collapse,2689,1,2,57032,128,8,0,8,0,2,1000,7300
transpose_kernel_cpu,14529,0,1,1,28,0,0,0,0,2,1000,7400
transpose_kernel_cpu_collapse,3326,0,2,1,28,0,0,0,0,2,1000,7400
transpose_kernel_gpu_mem,34558,1,1,58,128,59200008,59200000,59200008,59200000,2,1000,7400
transpose_kernel_gpu_collapse_mem,37850,1,2,57813,128,59200008,59200000,59200008,59200000,2,1000,7400
transpose_kernel_gpu,5326,1,1,58,128,8,0,8,0,2,1000,7400
transpose_kernel_gpu_collapse,2708,1,2,57813,128,8,0,8,0,2,1000,7400
transpose_kernel_cpu,13522,0,1,1,28,0,0,0,0,2,1000,7500
transpose_kernel_cpu_collapse,6187,0,2,1,28,0,0,0,0,2,1000,7500
transpose_kernel_gpu_mem,38012,1,1,59,128,60000008,60000000,60000008,60000000,2,1000,7500
transpose_kernel_gpu_collapse_mem,40808,1,2,58594,128,60000008,60000000,60000008,60000000,2,1000,7500
transpose_kernel_gpu,5407,1,1,59,128,8,0,8,0,2,1000,7500
transpose_kernel_gpu_collapse,2752,1,2,58594,128,8,0,8,0,2,1000,7500
transpose_kernel_cpu,11922,0,1,1,28,0,0,0,0,2,1000,7600
transpose_kernel_cpu_collapse,5310,0,2,1,28,0,0,0,0,2,1000,7600
transpose_kernel_gpu_mem,36094,1,1,60,128,60800008,60800000,60800008,60800000,2,1000,7600
transpose_kernel_gpu_collapse_mem,39374,1,2,59375,128,60800008,60800000,60800008,60800000,2,1000,7600
transpose_kernel_gpu,5364,1,1,60,128,8,0,8,0,2,1000,7600
transpose_kernel_gpu_collapse,2781,1,2,59375,128,8,0,8,0,2,1000,7600
transpose_kernel_cpu,12114,0,1,1,28,0,0,0,0,2,1000,7700
transpose_kernel_cpu_collapse,3477,0,2,1,28,0,0,0,0,2,1000,7700
transpose_kernel_gpu_mem,37060,1,1,61,128,61600008,61600000,61600008,61600000,2,1000,7700
transpose_kernel_gpu_collapse_mem,39941,1,2,60157,128,61600008,61600000,61600008,61600000,2,1000,7700
transpose_kernel_gpu,5718,1,1,61,128,8,0,8,0,2,1000,7700
transpose_kernel_gpu_collapse,2816,1,2,60157,128,8,0,8,0,2,1000,7700
transpose_kernel_cpu,12026,0,1,1,28,0,0,0,0,2,1000,7800
transpose_kernel_cpu_collapse,4805,0,2,1,28,0,0,0,0,2,1000,7800
transpose_kernel_gpu_mem,36457,1,1,61,128,62400008,62400000,62400008,62400000,2,1000,7800
transpose_kernel_gpu_collapse_mem,40268,1,2,60938,128,62400008,62400000,62400008,62400000,2,1000,7800
transpose_kernel_gpu,5796,1,1,61,128,8,0,8,0,2,1000,7800
transpose_kernel_gpu_collapse,2577,1,2,60938,128,8,0,8,0,2,1000,7800
transpose_kernel_cpu,13452,0,1,1,28,0,0,0,0,2,1000,7900
transpose_kernel_cpu_collapse,3968,0,2,1,28,0,0,0,0,2,1000,7900
transpose_kernel_gpu_mem,36695,1,1,62,128,63200008,63200000,63200008,63200000,2,1000,7900
transpose_kernel_gpu_collapse_mem,39302,1,2,61719,128,63200008,63200000,63200008,63200000,2,1000,7900
transpose_kernel_gpu,5935,1,1,62,128,8,0,8,0,2,1000,7900
transpose_kernel_gpu_collapse,2894,1,2,61719,128,8,0,8,0,2,1000,7900
transpose_kernel_cpu,14226,0,1,1,28,0,0,0,0,2,1000,8000
transpose_kernel_cpu_collapse,4607,0,2,1,28,0,0,0,0,2,1000,8000
transpose_kernel_gpu_mem,37362,1,1,63,128,64000008,64000000,64000008,64000000,2,1000,8000
transpose_kernel_gpu_collapse_mem,41461,1,2,62500,128,64000008,64000000,64000008,64000000,2,1000,8000
transpose_kernel_gpu,5752,1,1,63,128,8,0,8,0,2,1000,8000
transpose_kernel_gpu_collapse,2696,1,2,62500,128,8,0,8,0,2,1000,8000
transpose_kernel_cpu,7506,0,1,1,28,0,0,0,0,2,1000,800
transpose_kernel_cpu_collapse,381,0,2,1,28,0,0,0,0,2,1000,800
transpose_kernel_gpu_mem,6921,1,1,7,128,6400008,6400000,6400008,6400000,2,1000,800
transpose_kernel_gpu_collapse_mem,4974,1,2,6250,128,6400008,6400000,6400008,6400000,2,1000,800
transpose_kernel_gpu,1576,1,1,7,128,8,0,8,0,2,1000,800
transpose_kernel_gpu_collapse,351,1,2,6250,128,8,0,8,0,2,1000,800
transpose_kernel_cpu,15842,0,1,1,28,0,0,0,0,2,1000,8100
transpose_kernel_cpu_collapse,5501,0,2,1,28,0,0,0,0,2,1000,8100
transpose_kernel_gpu_mem,41704,1,1,64,128,64800008,64800000,64800008,64800000,2,1000,8100
transpose_kernel_gpu_collapse_mem,43161,1,2,63282,128,64800008,64800000,64800008,64800000,2,1000,8100
transpose_kernel_gpu,6172,1,1,64,128,8,0,8,0,2,1000,8100
transpose_kernel_gpu_collapse,2970,1,2,63282,128,8,0,8,0,2,1000,8100
transpose_kernel_cpu,13631,0,1,1,28,0,0,0,0,2,1000,8200
transpose_kernel_cpu_collapse,3942,0,2,1,28,0,0,0,0,2,1000,8200
transpose_kernel_gpu_mem,39705,1,1,65,128,65600008,65600000,65600008,65600000,2,1000,8200
transpose_kernel_gpu_collapse_mem,42405,1,2,64063,128,65600008,65600000,65600008,65600000,2,1000,8200
transpose_kernel_gpu,6357,1,1,65,128,8,0,8,0,2,1000,8200
transpose_kernel_gpu_collapse,3022,1,2,64063,128,8,0,8,0,2,1000,8200
transpose_kernel_cpu,14788,0,1,1,28,0,0,0,0,2,1000,8300
transpose_kernel_cpu_collapse,4817,0,2,1,28,0,0,0,0,2,1000,8300
transpose_kernel_gpu_mem,39087,1,1,65,128,66400008,66400000,66400008,66400000,2,1000,8300
transpose_kernel_gpu_collapse_mem,41823,1,2,64844,128,66400008,66400000,66400008,66400000,2,1000,8300
transpose_kernel_gpu,6661,1,1,65,128,8,0,8,0,2,1000,8300
transpose_kernel_gpu_collapse,3056,1,2,64844,128,8,0,8,0,2,1000,8300
transpose_kernel_cpu,21524,0,1,1,28,0,0,0,0,2,1000,8400
transpose_kernel_cpu_collapse,6220,0,2,1,28,0,0,0,0,2,1000,8400
transpose_kernel_gpu_mem,41060,1,1,66,128,67200008,67200000,67200008,67200000,2,1000,8400
transpose_kernel_gpu_collapse_mem,45269,1,2,65625,128,67200008,67200000,67200008,67200000,2,1000,8400
transpose_kernel_gpu,6674,1,1,66,128,8,0,8,0,2,1000,8400
transpose_kernel_gpu_collapse,3096,1,2,65625,128,8,0,8,0,2,1000,8400
transpose_kernel_cpu,15878,0,1,1,28,0,0,0,0,2,1000,8500
transpose_kernel_cpu_collapse,6414,0,2,1,28,0,0,0,0,2,1000,8500
transpose_kernel_gpu_mem,41148,1,1,67,128,68000008,68000000,68000008,68000000,2,1000,8500
transpose_kernel_gpu_collapse_mem,43286,1,2,66407,128,68000008,68000000,68000008,68000000,2,1000,8500
transpose_kernel_gpu,6989,1,1,67,128,8,0,8,0,2,1000,8500
transpose_kernel_gpu_collapse,3118,1,2,66407,128,8,0,8,0,2,1000,8500
transpose_kernel_cpu,13759,0,1,1,28,0,0,0,0,2,1000,8600
transpose_kernel_cpu_collapse,5002,0,2,1,28,0,0,0,0,2,1000,8600
transpose_kernel_gpu_mem,41688,1,1,68,128,68800008,68800000,68800008,68800000,2,1000,8600
transpose_kernel_gpu_collapse_mem,44732,1,2,67188,128,68800008,68800000,68800008,68800000,2,1000,8600
transpose_kernel_gpu,7163,1,1,68,128,8,0,8,0,2,1000,8600
transpose_kernel_gpu_collapse,3162,1,2,67188,128,8,0,8,0,2,1000,8600
transpose_kernel_cpu,13208,0,1,1,28,0,0,0,0,2,1000,8700
transpose_kernel_cpu_collapse,6053,0,2,1,28,0,0,0,0,2,1000,8700
transpose_kernel_gpu_mem,42348,1,1,68,128,69600008,69600000,69600008,69600000,2,1000,8700
transpose_kernel_gpu_collapse_mem,43682,1,2,67969,128,69600008,69600000,69600008,69600000,2,1000,8700
transpose_kernel_gpu,7183,1,1,68,128,8,0,8,0,2,1000,8700
transpose_kernel_gpu_collapse,3194,1,2,67969,128,8,0,8,0,2,1000,8700
transpose_kernel_cpu,15997,0,1,1,28,0,0,0,0,2,1000,8800
transpose_kernel_cpu_collapse,4392,0,2,1,28,0,0,0,0,2,1000,8800
transpose_kernel_gpu_mem,43746,1,1,69,128,70400008,70400000,70400008,70400000,2,1000,8800
transpose_kernel_gpu_collapse_mem,45533,1,2,68750,128,70400008,70400000,70400008,70400000,2,1000,8800
transpose_kernel_gpu,7103,1,1,69,128,8,0,8,0,2,1000,8800
transpose_kernel_gpu_collapse,3240,1,2,68750,128,8,0,8,0,2,1000,8800
transpose_kernel_cpu,13650,0,1,1,28,0,0,0,0,2,1000,8900
transpose_kernel_cpu_collapse,6388,0,2,1,28,0,0,0,0,2,1000,8900
transpose_kernel_gpu_mem,46005,1,1,70,128,71200008,71200000,71200008,71200000,2,1000,8900
transpose_kernel_gpu_collapse_mem,47660,1,2,69532,128,71200008,71200000,71200008,71200000,2,1000,8900
transpose_kernel_gpu,7604,1,1,70,128,8,0,8,0,2,1000,8900
transpose_kernel_gpu_collapse,3282,1,2,69532,128,8,0,8,0,2,1000,8900
transpose_kernel_cpu,14345,0,1,1,28,0,0,0,0,2,1000,9000
transpose_kernel_cpu_collapse,5327,0,2,1,28,0,0,0,0,2,1000,9000
transpose_kernel_gpu_mem,46589,1,1,71,128,72000008,72000000,72000008,72000000,2,1000,9000
transpose_kernel_gpu_collapse_mem,47891,1,2,70313,128,72000008,72000000,72000008,72000000,2,1000,9000
transpose_kernel_gpu,7575,1,1,71,128,8,0,8,0,2,1000,9000
transpose_kernel_gpu_collapse,3322,1,2,70313,128,8,0,8,0,2,1000,9000
transpose_kernel_cpu,7670,0,1,1,28,0,0,0,0,2,1000,900
transpose_kernel_cpu_collapse,361,0,2,1,28,0,0,0,0,2,1000,900
transpose_kernel_gpu_mem,8065,1,1,8,128,7200008,7200000,7200008,7200000,2,1000,900
transpose_kernel_gpu_collapse_mem,5412,1,2,7032,128,7200008,7200000,7200008,7200000,2,1000,900
transpose_kernel_gpu,1583,1,1,8,128,8,0,8,0,2,1000,900
transpose_kernel_gpu_collapse,383,1,2,7032,128,8,0,8,0,2,1000,900
transpose_kernel_cpu,16097,0,1,1,28,0,0,0,0,2,1000,9100
transpose_kernel_cpu_collapse,4465,0,2,1,28,0,0,0,0,2,1000,9100
transpose_kernel_gpu_mem,42703,1,1,72,128,72800008,72800000,72800008,72800000,2,1000,9100
transpose_kernel_gpu_collapse_mem,43115,1,2,71094,128,72800008,72800000,72800008,72800000,2,1000,9100
transpose_kernel_gpu,7908,1,1,72,128,8,0,8,0,2,1000,9100
transpose_kernel_gpu_collapse,3353,1,2,71094,128,8,0,8,0,2,1000,9100
transpose_kernel_cpu,12749,0,1,1,28,0,0,0,0,2,1000,9200
transpose_kernel_cpu_collapse,6607,0,2,1,28,0,0,0,0,2,1000,9200
transpose_kernel_gpu_mem,47182,1,1,72,128,73600008,73600000,73600008,73600000,2,1000,9200
transpose_kernel_gpu_collapse_mem,49420,1,2,71875,128,73600008,73600000,73600008,73600000,2,1000,9200
transpose_kernel_gpu,7706,1,1,72,128,8,0,8,0,2,1000,9200
transpose_kernel_gpu_collapse,3068,1,2,71875,128,8,0,8,0,2,1000,9200
transpose_kernel_cpu,14079,0,1,1,28,0,0,0,0,2,1000,9300
transpose_kernel_cpu_collapse,6495,0,2,1,28,0,0,0,0,2,1000,9300
transpose_kernel_gpu_mem,46494,1,1,73,128,74400008,74400000,74400008,74400000,2,1000,9300
transpose_kernel_gpu_collapse_mem,46852,1,2,72657,128,74400008,74400000,74400008,74400000,2,1000,9300
transpose_kernel_gpu,8295,1,1,73,128,8,0,8,0,2,1000,9300
transpose_kernel_gpu_collapse,3437,1,2,72657,128,8,0,8,0,2,1000,9300
transpose_kernel_cpu,15381,0,1,1,28,0,0,0,0,2,1000,9400
transpose_kernel_cpu_collapse,5250,0,2,1,28,0,0,0,0,2,1000,9400
transpose_kernel_gpu_mem,47590,1,1,74,128,75200008,75200000,75200008,75200000,2,1000,9400
transpose_kernel_gpu_collapse_mem,47017,1,2,73438,128,75200008,75200000,75200008,75200000,2,1000,9400
transpose_kernel_gpu,8289,1,1,74,128,8,0,8,0,2,1000,9400
transpose_kernel_gpu_collapse,3485,1,2,73438,128,8,0,8,0,2,1000,9400
transpose_kernel_cpu,16061,0,1,1,28,0,0,0,0,2,1000,9500
transpose_kernel_cpu_collapse,4664,0,2,1,28,0,0,0,0,2,1000,9500
transpose_kernel_gpu_mem,48426,1,1,75,128,76000008,76000000,76000008,76000000,2,1000,9500
transpose_kernel_gpu_collapse_mem,49023,1,2,74219,128,76000008,76000000,76000008,76000000,2,1000,9500
transpose_kernel_gpu,8335,1,1,75,128,8,0,8,0,2,1000,9500
transpose_kernel_gpu_collapse,3186,1,2,74219,128,8,0,8,0,2,1000,9500
transpose_kernel_cpu,14982,0,1,1,28,0,0,0,0,2,1000,9600
transpose_kernel_cpu_collapse,7874,0,2,1,28,0,0,0,0,2,1000,9600
transpose_kernel_gpu_mem,49204,1,1,75,128,76800008,76800000,76800008,76800000,2,1000,9600
transpose_kernel_gpu_collapse_mem,49652,1,2,75000,128,76800008,76800000,76800008,76800000,2,1000,9600
transpose_kernel_gpu,8085,1,1,75,128,8,0,8,0,2,1000,9600
transpose_kernel_gpu_collapse,3619,1,2,75000,128,8,0,8,0,2,1000,9600
transpose_kernel_cpu,11975,0,1,1,28,0,0,0,0,2,1000,9700
transpose_kernel_cpu_collapse,7465,0,2,1,28,0,0,0,0,2,1000,9700
transpose_kernel_gpu_mem,50330,1,1,76,128,77600008,77600000,77600008,77600000,2,1000,9700
transpose_kernel_gpu_collapse_mem,49238,1,2,75782,128,77600008,77600000,77600008,77600000,2,1000,9700
transpose_kernel_gpu,8680,1,1,76,128,8,0,8,0,2,1000,9700
transpose_kernel_gpu_collapse,3243,1,2,75782,128,8,0,8,0,2,1000,9700
transpose_kernel_cpu,15964,0,1,1,28,0,0,0,0,2,1000,9800
transpose_kernel_cpu_collapse,7294,0,2,1,28,0,0,0,0,2,1000,9800
transpose_kernel_gpu_mem,48670,1,1,77,128,78400008,78400000,78400008,78400000,2,1000,9800
transpose_kernel_gpu_collapse_mem,48069,1,2,76563,128,78400008,78400000,78400008,78400000,2,1000,9800
transpose_kernel_gpu,8944,1,1,77,128,8,0,8,0,2,1000,9800
transpose_kernel_gpu_collapse,3641,1,2,76563,128,8,0,8,0,2,1000,9800
transpose_kernel_cpu,16560,0,1,1,28,0,0,0,0,2,1000,9900
transpose_kernel_cpu_collapse,5155,0,2,1,28,0,0,0,0,2,1000,9900
transpose_kernel_gpu_mem,45683,1,1,78,128,79200008,79200000,79200008,79200000,2,1000,9900
transpose_kernel_gpu_collapse_mem,47193,1,2,77344,128,79200008,79200000,79200008,79200000,2,1000,9900
transpose_kernel_gpu,9166,1,1,78,128,8,0,8,0,2,1000,9900
transpose_kernel_gpu_collapse,3309,1,2,77344,128,8,0,8,0,2,1000,9900
