kernel,runtime,gpu,collapse,mem_to,mem_alloc,mem_from,mem_delete,num_var,N1,N2,N3
mm_kernel_cpu,167568501,0,1,0,0,0,0,3,10000,10000,10000
mm_kernel_cpu_collapse,168471872,0,2,0,0,0,0,3,10000,10000,10000
mm_kernel_gpu_mem,168581977,1,1,1600000000,800000000,800000000,2400000000,3,10000,10000,10000
mm_kernel_gpu_mem,168598785,1,2,1600000000,800000000,800000000,2400000000,3,10000,10000,10000
mm_kernel_gpu,168614534,1,1,0,0,0,0,3,10000,10000,10000
mm_kernel_gpu_collapse,168565792,1,2,0,0,0,0,3,10000,10000,10000
mm_kernel_cpu,8303645,0,1,0,0,0,0,3,10000,10000,1000
mm_kernel_cpu_collapse,7514532,0,2,0,0,0,0,3,10000,10000,1000
mm_kernel_gpu_mem,7563369,1,1,880000000,80000000,80000000,960000000,3,10000,10000,1000
mm_kernel_gpu_mem,7565768,1,2,880000000,80000000,80000000,960000000,3,10000,10000,1000
mm_kernel_gpu,7563924,1,1,0,0,0,0,3,10000,10000,1000
mm_kernel_gpu_collapse,7540429,1,2,0,0,0,0,3,10000,10000,1000
mm_kernel_cpu,18230448,0,1,0,0,0,0,3,10000,10000,2000
mm_kernel_cpu_collapse,17595116,0,2,0,0,0,0,3,10000,10000,2000
mm_kernel_gpu_mem,17658686,1,1,960000000,160000000,160000000,1120000000,3,10000,10000,2000
mm_kernel_gpu_mem,17616917,1,2,960000000,160000000,160000000,1120000000,3,10000,10000,2000
mm_kernel_gpu,17670140,1,1,0,0,0,0,3,10000,10000,2000
mm_kernel_gpu_collapse,17616381,1,2,0,0,0,0,3,10000,10000,2000
mm_kernel_cpu,30256014,0,1,0,0,0,0,3,10000,10000,3000
mm_kernel_cpu_collapse,29938035,0,2,0,0,0,0,3,10000,10000,3000
mm_kernel_gpu_mem,29898185,1,1,1040000000,240000000,240000000,1280000000,3,10000,10000,3000
mm_kernel_gpu_mem,29955983,1,2,1040000000,240000000,240000000,1280000000,3,10000,10000,3000
mm_kernel_gpu,29898203,1,1,0,0,0,0,3,10000,10000,3000
mm_kernel_gpu_collapse,29954487,1,2,0,0,0,0,3,10000,10000,3000
mm_kernel_cpu,46005293,0,1,0,0,0,0,3,10000,10000,4000
mm_kernel_cpu_collapse,45268345,0,2,0,0,0,0,3,10000,10000,4000
mm_kernel_gpu_mem,45320652,1,1,1120000000,320000000,320000000,1440000000,3,10000,10000,4000
mm_kernel_gpu_mem,45290989,1,2,1120000000,320000000,320000000,1440000000,3,10000,10000,4000
mm_kernel_gpu,45333600,1,1,0,0,0,0,3,10000,10000,4000
mm_kernel_gpu_collapse,45278895,1,2,0,0,0,0,3,10000,10000,4000
mm_kernel_cpu,87077786,0,1,0,0,0,0,3,10000,10000,6000
mm_kernel_cpu_collapse,85279169,0,2,0,0,0,0,3,10000,10000,6000
mm_kernel_gpu_mem,85394832,1,1,1280000000,480000000,480000000,1760000000,3,10000,10000,6000
mm_kernel_gpu_mem,86053912,1,2,1280000000,480000000,480000000,1760000000,3,10000,10000,6000
mm_kernel_gpu,85332585,1,1,0,0,0,0,3,10000,10000,6000
mm_kernel_gpu_collapse,85035935,1,2,0,0,0,0,3,10000,10000,6000
mm_kernel_cpu,374061,0,1,0,0,0,0,3,10000,1000,1000
mm_kernel_cpu_collapse,231531,0,2,0,0,0,0,3,10000,1000,1000
mm_kernel_gpu_mem,187723,1,1,88000000,80000000,80000000,168000000,3,10000,1000,1000
mm_kernel_gpu_mem,187093,1,2,88000000,80000000,80000000,168000000,3,10000,1000,1000
mm_kernel_gpu,187516,1,1,0,0,0,0,3,10000,1000,1000
mm_kernel_gpu_collapse,190293,1,2,0,0,0,0,3,10000,1000,1000
mm_kernel_cpu,737154,0,1,0,0,0,0,3,10000,1000,2000
mm_kernel_cpu_collapse,631231,0,2,0,0,0,0,3,10000,1000,2000
mm_kernel_gpu_mem,409324,1,1,96000000,160000000,160000000,256000000,3,10000,1000,2000
mm_kernel_gpu_mem,382519,1,2,96000000,160000000,160000000,256000000,3,10000,1000,2000
mm_kernel_gpu,382456,1,1,0,0,0,0,3,10000,1000,2000
mm_kernel_gpu_collapse,385002,1,2,0,0,0,0,3,10000,1000,2000
mm_kernel_cpu,754919,0,1,0,0,0,0,3,10000,1000,2000
mm_kernel_cpu_collapse,661413,0,2,0,0,0,0,3,10000,1000,2000
mm_kernel_gpu_mem,518067,1,1,96000000,160000000,160000000,256000000,3,10000,1000,2000
mm_kernel_gpu_mem,378442,1,2,96000000,160000000,160000000,256000000,3,10000,1000,2000
mm_kernel_gpu,375889,1,1,0,0,0,0,3,10000,1000,2000
mm_kernel_gpu_collapse,378889,1,2,0,0,0,0,3,10000,1000,2000
mm_kernel_cpu,986611,0,1,0,0,0,0,3,10000,1000,3000
mm_kernel_cpu_collapse,933090,0,2,0,0,0,0,3,10000,1000,3000
mm_kernel_gpu_mem,595623,1,1,104000000,240000000,240000000,344000000,3,10000,1000,3000
mm_kernel_gpu_mem,583887,1,2,104000000,240000000,240000000,344000000,3,10000,1000,3000
mm_kernel_gpu,580560,1,1,0,0,0,0,3,10000,1000,3000
mm_kernel_gpu_collapse,586750,1,2,0,0,0,0,3,10000,1000,3000
mm_kernel_cpu,1279029,0,1,0,0,0,0,3,10000,1000,4000
mm_kernel_cpu_collapse,884172,0,2,0,0,0,0,3,10000,1000,4000
mm_kernel_gpu_mem,763083,1,1,112000000,320000000,320000000,432000000,3,10000,1000,4000
mm_kernel_gpu_mem,764872,1,2,112000000,320000000,320000000,432000000,3,10000,1000,4000
mm_kernel_gpu,761107,1,1,0,0,0,0,3,10000,1000,4000
mm_kernel_gpu_collapse,765617,1,2,0,0,0,0,3,10000,1000,4000
mm_kernel_cpu,1356324,0,1,0,0,0,0,3,10000,1000,4000
mm_kernel_cpu_collapse,998226,0,2,0,0,0,0,3,10000,1000,4000
mm_kernel_gpu_mem,763944,1,1,112000000,320000000,320000000,432000000,3,10000,1000,4000
mm_kernel_gpu_mem,760014,1,2,112000000,320000000,320000000,432000000,3,10000,1000,4000
mm_kernel_gpu,758671,1,1,0,0,0,0,3,10000,1000,4000
mm_kernel_gpu_collapse,766010,1,2,0,0,0,0,3,10000,1000,4000
mm_kernel_cpu,2752603,0,1,0,0,0,0,3,10000,1000,10000
mm_kernel_cpu_collapse,1959583,0,2,0,0,0,0,3,10000,1000,10000
mm_kernel_gpu_mem,1959192,1,1,160000000,800000000,800000000,960000000,3,10000,1000,10000
mm_kernel_gpu_mem,1954229,1,2,160000000,800000000,800000000,960000000,3,10000,1000,10000
mm_kernel_gpu,1946491,1,1,0,0,0,0,3,10000,1000,10000
mm_kernel_gpu_collapse,1970670,1,2,0,0,0,0,3,10000,1000,10000
mm_kernel_cpu,1653172,0,1,0,0,0,0,3,10000,1000,5000
mm_kernel_cpu_collapse,1064525,0,2,0,0,0,0,3,10000,1000,5000
mm_kernel_gpu_mem,963843,1,1,120000000,400000000,400000000,520000000,3,10000,1000,5000
mm_kernel_gpu_mem,959456,1,2,120000000,400000000,400000000,520000000,3,10000,1000,5000
mm_kernel_gpu,956863,1,1,0,0,0,0,3,10000,1000,5000
mm_kernel_gpu_collapse,965147,1,2,0,0,0,0,3,10000,1000,5000
mm_kernel_cpu,1803818,0,1,0,0,0,0,3,10000,1000,6000
mm_kernel_cpu_collapse,1157477,0,2,0,0,0,0,3,10000,1000,6000
mm_kernel_gpu_mem,1156672,1,1,128000000,480000000,480000000,608000000,3,10000,1000,6000
mm_kernel_gpu_mem,1150285,1,2,128000000,480000000,480000000,608000000,3,10000,1000,6000
mm_kernel_gpu,1147949,1,1,0,0,0,0,3,10000,1000,6000
mm_kernel_gpu_collapse,1157258,1,2,0,0,0,0,3,10000,1000,6000
mm_kernel_cpu,777375,0,1,0,0,0,0,3,10000,2000,1000
mm_kernel_cpu_collapse,705924,0,2,0,0,0,0,3,10000,2000,1000
mm_kernel_gpu_mem,503685,1,1,176000000,80000000,80000000,256000000,3,10000,2000,1000
mm_kernel_gpu_mem,407414,1,2,176000000,80000000,80000000,256000000,3,10000,2000,1000
mm_kernel_gpu,409422,1,1,0,0,0,0,3,10000,2000,1000
mm_kernel_gpu_collapse,414598,1,2,0,0,0,0,3,10000,2000,1000
mm_kernel_cpu,2201812,0,1,0,0,0,0,3,10000,1000,7000
mm_kernel_cpu_collapse,1471916,0,2,0,0,0,0,3,10000,1000,7000
mm_kernel_gpu_mem,1353919,1,1,136000000,560000000,560000000,696000000,3,10000,1000,7000
mm_kernel_gpu_mem,1352489,1,2,136000000,560000000,560000000,696000000,3,10000,1000,7000
mm_kernel_gpu,1349857,1,1,0,0,0,0,3,10000,1000,7000
mm_kernel_gpu_collapse,1357438,1,2,0,0,0,0,3,10000,1000,7000
mm_kernel_cpu,2027845,0,1,0,0,0,0,3,10000,1000,8000
mm_kernel_cpu_collapse,1577046,0,2,0,0,0,0,3,10000,1000,8000
mm_kernel_gpu_mem,1579257,1,1,144000000,640000000,640000000,784000000,3,10000,1000,8000
mm_kernel_gpu_mem,1575339,1,2,144000000,640000000,640000000,784000000,3,10000,1000,8000
mm_kernel_gpu,1569555,1,1,0,0,0,0,3,10000,1000,8000
mm_kernel_gpu_collapse,1587664,1,2,0,0,0,0,3,10000,1000,8000
mm_kernel_cpu,1367479,0,1,0,0,0,0,3,10000,2000,2000
mm_kernel_cpu_collapse,983140,0,2,0,0,0,0,3,10000,2000,2000
mm_kernel_gpu_mem,802310,1,1,192000000,160000000,160000000,352000000,3,10000,2000,2000
mm_kernel_gpu_mem,797477,1,2,192000000,160000000,160000000,352000000,3,10000,2000,2000
mm_kernel_gpu,800937,1,1,0,0,0,0,3,10000,2000,2000
mm_kernel_gpu_collapse,807229,1,2,0,0,0,0,3,10000,2000,2000
mm_kernel_cpu,2416949,0,1,0,0,0,0,3,10000,2000,3000
mm_kernel_cpu_collapse,1845980,0,2,0,0,0,0,3,10000,2000,3000
mm_kernel_gpu_mem,1857642,1,1,208000000,240000000,240000000,448000000,3,10000,2000,3000
mm_kernel_gpu_mem,1850210,1,2,208000000,240000000,240000000,448000000,3,10000,2000,3000
mm_kernel_gpu,1855684,1,1,0,0,0,0,3,10000,2000,3000
mm_kernel_gpu_collapse,1854176,1,2,0,0,0,0,3,10000,2000,3000
mm_kernel_cpu,2435447,0,1,0,0,0,0,3,10000,2000,4000
mm_kernel_cpu_collapse,1628499,0,2,0,0,0,0,3,10000,2000,4000
mm_kernel_gpu_mem,1633606,1,1,224000000,320000000,320000000,544000000,3,10000,2000,4000
mm_kernel_gpu_mem,1626575,1,2,224000000,320000000,320000000,544000000,3,10000,2000,4000
mm_kernel_gpu,1624459,1,1,0,0,0,0,3,10000,2000,4000
mm_kernel_gpu_collapse,1639732,1,2,0,0,0,0,3,10000,2000,4000
mm_kernel_cpu,2753513,0,1,0,0,0,0,3,10000,2000,5000
mm_kernel_cpu_collapse,2194423,0,2,0,0,0,0,3,10000,2000,5000
mm_kernel_gpu_mem,2209439,1,1,240000000,400000000,400000000,640000000,3,10000,2000,5000
mm_kernel_gpu_mem,2190989,1,2,240000000,400000000,400000000,640000000,3,10000,2000,5000
mm_kernel_gpu,2194718,1,1,0,0,0,0,3,10000,2000,5000
mm_kernel_gpu_collapse,2207773,1,2,0,0,0,0,3,10000,2000,5000
mm_kernel_cpu,5577975,0,1,0,0,0,0,3,10000,1000,9000
mm_kernel_cpu_collapse,4886011,0,2,0,0,0,0,3,10000,1000,9000
mm_kernel_gpu_mem,4900254,1,1,152000000,720000000,720000000,872000000,3,10000,1000,9000
mm_kernel_gpu_mem,4887545,1,2,152000000,720000000,720000000,872000000,3,10000,1000,9000
mm_kernel_gpu,4895987,1,1,0,0,0,0,3,10000,1000,9000
mm_kernel_gpu_collapse,4892992,1,2,0,0,0,0,3,10000,1000,9000
mm_kernel_cpu,3484291,0,1,0,0,0,0,3,10000,2000,6000
mm_kernel_cpu_collapse,2878767,0,2,0,0,0,0,3,10000,2000,6000
mm_kernel_gpu_mem,2880676,1,1,256000000,480000000,480000000,736000000,3,10000,2000,6000
mm_kernel_gpu_mem,2866486,1,2,256000000,480000000,480000000,736000000,3,10000,2000,6000
mm_kernel_gpu,2871988,1,1,0,0,0,0,3,10000,2000,6000
mm_kernel_gpu_collapse,2927585,1,2,0,0,0,0,3,10000,2000,6000
mm_kernel_cpu,4219076,0,1,0,0,0,0,3,10000,2000,8000
mm_kernel_cpu_collapse,3363094,0,2,0,0,0,0,3,10000,2000,8000
mm_kernel_gpu_mem,3402702,1,1,288000000,640000000,640000000,928000000,3,10000,2000,8000
mm_kernel_gpu_mem,3353763,1,2,288000000,640000000,640000000,928000000,3,10000,2000,8000
mm_kernel_gpu,3367080,1,1,0,0,0,0,3,10000,2000,8000
mm_kernel_gpu_collapse,3377159,1,2,0,0,0,0,3,10000,2000,8000
mm_kernel_cpu,6081993,0,1,0,0,0,0,3,10000,2000,7000
mm_kernel_cpu_collapse,5183058,0,2,0,0,0,0,3,10000,2000,7000
mm_kernel_gpu_mem,5223845,1,1,272000000,560000000,560000000,832000000,3,10000,2000,7000
mm_kernel_gpu_mem,5196576,1,2,272000000,560000000,560000000,832000000,3,10000,2000,7000
mm_kernel_gpu,5221324,1,1,0,0,0,0,3,10000,2000,7000
mm_kernel_gpu_collapse,5214515,1,2,0,0,0,0,3,10000,2000,7000
mm_kernel_cpu,2349697,0,1,0,0,0,0,3,10000,3000,1000
mm_kernel_cpu_collapse,1517167,0,2,0,0,0,0,3,10000,3000,1000
mm_kernel_gpu_mem,1524644,1,1,264000000,80000000,80000000,344000000,3,10000,3000,1000
mm_kernel_gpu_mem,1529205,1,2,264000000,80000000,80000000,344000000,3,10000,3000,1000
mm_kernel_gpu,1533849,1,1,0,0,0,0,3,10000,3000,1000
mm_kernel_gpu_collapse,1530804,1,2,0,0,0,0,3,10000,3000,1000
mm_kernel_cpu,4414707,0,1,0,0,0,0,3,10000,3000,2000
mm_kernel_cpu_collapse,3491607,0,2,0,0,0,0,3,10000,3000,2000
mm_kernel_gpu_mem,3501602,1,1,288000000,160000000,160000000,448000000,3,10000,3000,2000
mm_kernel_gpu_mem,3504339,1,2,288000000,160000000,160000000,448000000,3,10000,3000,2000
mm_kernel_gpu,3496850,1,1,0,0,0,0,3,10000,3000,2000
mm_kernel_gpu_collapse,3504588,1,2,0,0,0,0,3,10000,3000,2000
mm_kernel_cpu,13533537,0,1,0,0,0,0,3,10000,2000,10000
mm_kernel_cpu_collapse,12636446,0,2,0,0,0,0,3,10000,2000,10000
mm_kernel_gpu_mem,12677658,1,1,320000000,800000000,800000000,1120000000,3,10000,2000,10000
mm_kernel_gpu_mem,12639949,1,2,320000000,800000000,800000000,1120000000,3,10000,2000,10000
mm_kernel_gpu,12679122,1,1,0,0,0,0,3,10000,2000,10000
mm_kernel_gpu_collapse,12640862,1,2,0,0,0,0,3,10000,2000,10000
mm_kernel_cpu,6928444,0,1,0,0,0,0,3,10000,3000,3000
mm_kernel_cpu_collapse,5902712,0,2,0,0,0,0,3,10000,3000,3000
mm_kernel_gpu_mem,5956823,1,1,312000000,240000000,240000000,552000000,3,10000,3000,3000
mm_kernel_gpu_mem,5933804,1,2,312000000,240000000,240000000,552000000,3,10000,3000,3000
mm_kernel_gpu,5958594,1,1,0,0,0,0,3,10000,3000,3000
mm_kernel_gpu_collapse,5934768,1,2,0,0,0,0,3,10000,3000,3000
mm_kernel_cpu,13369406,0,1,0,0,0,0,3,10000,2000,9000
mm_kernel_cpu_collapse,12980974,0,2,0,0,0,0,3,10000,2000,9000
mm_kernel_gpu_mem,13012931,1,1,304000000,720000000,720000000,1024000000,3,10000,2000,9000
mm_kernel_gpu_mem,12977939,1,2,304000000,720000000,720000000,1024000000,3,10000,2000,9000
mm_kernel_gpu,13018765,1,1,0,0,0,0,3,10000,2000,9000
mm_kernel_gpu_collapse,12978245,1,2,0,0,0,0,3,10000,2000,9000
mm_kernel_cpu,8703600,0,1,0,0,0,0,3,10000,3000,4000
mm_kernel_cpu_collapse,8114882,0,2,0,0,0,0,3,10000,3000,4000
mm_kernel_gpu_mem,8147451,1,1,336000000,320000000,320000000,656000000,3,10000,3000,4000
mm_kernel_gpu_mem,8124224,1,2,336000000,320000000,320000000,656000000,3,10000,3000,4000
mm_kernel_gpu,8152853,1,1,0,0,0,0,3,10000,3000,4000
mm_kernel_gpu_collapse,8131591,1,2,0,0,0,0,3,10000,3000,4000
mm_kernel_cpu,12307873,0,1,0,0,0,0,3,10000,3000,5000
mm_kernel_cpu_collapse,11494069,0,2,0,0,0,0,3,10000,3000,5000
mm_kernel_gpu_mem,11547155,1,1,360000000,400000000,400000000,760000000,3,10000,3000,5000
mm_kernel_gpu_mem,11518139,1,2,360000000,400000000,400000000,760000000,3,10000,3000,5000
mm_kernel_gpu,11539273,1,1,0,0,0,0,3,10000,3000,5000
mm_kernel_gpu_collapse,11511005,1,2,0,0,0,0,3,10000,3000,5000
mm_kernel_cpu,13017261,0,1,0,0,0,0,3,10000,3000,6000
mm_kernel_cpu_collapse,12204146,0,2,0,0,0,0,3,10000,3000,6000
mm_kernel_gpu_mem,12247326,1,1,384000000,480000000,480000000,864000000,3,10000,3000,6000
mm_kernel_gpu_mem,12218363,1,2,384000000,480000000,480000000,864000000,3,10000,3000,6000
mm_kernel_gpu,12242626,1,1,0,0,0,0,3,10000,3000,6000
mm_kernel_gpu_collapse,12219969,1,2,0,0,0,0,3,10000,3000,6000
mm_kernel_cpu,25302796,0,1,0,0,0,0,3,10000,3000,10000
mm_kernel_cpu_collapse,24394976,0,2,0,0,0,0,3,10000,3000,10000
mm_kernel_gpu_mem,24463582,1,1,480000000,800000000,800000000,1280000000,3,10000,3000,10000
mm_kernel_gpu_mem,24405165,1,2,480000000,800000000,800000000,1280000000,3,10000,3000,10000
mm_kernel_gpu,24466587,1,1,0,0,0,0,3,10000,3000,10000
mm_kernel_gpu_collapse,24407321,1,2,0,0,0,0,3,10000,3000,10000
mm_kernel_cpu,16085645,0,1,0,0,0,0,3,10000,3000,7000
mm_kernel_cpu_collapse,15162521,0,2,0,0,0,0,3,10000,3000,7000
mm_kernel_gpu_mem,15209913,1,1,408000000,560000000,560000000,968000000,3,10000,3000,7000
mm_kernel_gpu_mem,15157876,1,2,408000000,560000000,560000000,968000000,3,10000,3000,7000
mm_kernel_gpu,15211899,1,1,0,0,0,0,3,10000,3000,7000
mm_kernel_gpu_collapse,15156617,1,2,0,0,0,0,3,10000,3000,7000
mm_kernel_cpu,3361653,0,1,0,0,0,0,3,10000,4000,1000
mm_kernel_cpu_collapse,2495248,0,2,0,0,0,0,3,10000,4000,1000
mm_kernel_gpu_mem,2519350,1,1,352000000,80000000,80000000,432000000,3,10000,4000,1000
mm_kernel_gpu_mem,2509504,1,2,352000000,80000000,80000000,432000000,3,10000,4000,1000
mm_kernel_gpu,2517063,1,1,0,0,0,0,3,10000,4000,1000
mm_kernel_gpu_collapse,2509759,1,2,0,0,0,0,3,10000,4000,1000
mm_kernel_cpu,17966134,0,1,0,0,0,0,3,10000,3000,8000
mm_kernel_cpu_collapse,17013306,0,2,0,0,0,0,3,10000,3000,8000
mm_kernel_gpu_mem,17068686,1,1,432000000,640000000,640000000,1072000000,3,10000,3000,8000
mm_kernel_gpu_mem,17014132,1,2,432000000,640000000,640000000,1072000000,3,10000,3000,8000
mm_kernel_gpu,17072519,1,1,0,0,0,0,3,10000,3000,8000
mm_kernel_gpu_collapse,17017996,1,2,0,0,0,0,3,10000,3000,8000
mm_kernel_cpu,6863172,0,1,0,0,0,0,3,10000,4000,2000
mm_kernel_cpu_collapse,6063948,0,2,0,0,0,0,3,10000,4000,2000
mm_kernel_gpu_mem,6084669,1,1,384000000,160000000,160000000,544000000,3,10000,4000,2000
mm_kernel_gpu_mem,6069928,1,2,384000000,160000000,160000000,544000000,3,10000,4000,2000
mm_kernel_gpu,6085831,1,1,0,0,0,0,3,10000,4000,2000
mm_kernel_gpu_collapse,6074172,1,2,0,0,0,0,3,10000,4000,2000
mm_kernel_cpu,10450454,0,1,0,0,0,0,3,10000,4000,3000
mm_kernel_cpu_collapse,9751222,0,2,0,0,0,0,3,10000,4000,3000
mm_kernel_gpu_mem,9796867,1,1,416000000,240000000,240000000,656000000,3,10000,4000,3000
mm_kernel_gpu_mem,9766976,1,2,416000000,240000000,240000000,656000000,3,10000,4000,3000
mm_kernel_gpu,9798624,1,1,0,0,0,0,3,10000,4000,3000
mm_kernel_gpu_collapse,9768833,1,2,0,0,0,0,3,10000,4000,3000
mm_kernel_cpu,22789918,0,1,0,0,0,0,3,10000,3000,9000
mm_kernel_cpu_collapse,22323553,0,2,0,0,0,0,3,10000,3000,9000
mm_kernel_gpu_mem,22381226,1,1,456000000,720000000,720000000,1176000000,3,10000,3000,9000
mm_kernel_gpu_mem,22319188,1,2,456000000,720000000,720000000,1176000000,3,10000,3000,9000
mm_kernel_gpu,22382971,1,1,0,0,0,0,3,10000,3000,9000
mm_kernel_gpu_collapse,22319006,1,2,0,0,0,0,3,10000,3000,9000
mm_kernel_cpu,13901903,0,1,0,0,0,0,3,10000,4000,4000
mm_kernel_cpu_collapse,13903662,0,2,0,0,0,0,3,10000,4000,4000
mm_kernel_gpu_mem,13959255,1,1,448000000,320000000,320000000,768000000,3,10000,4000,4000
mm_kernel_gpu_mem,13915004,1,2,448000000,320000000,320000000,768000000,3,10000,4000,4000
mm_kernel_gpu,13955913,1,1,0,0,0,0,3,10000,4000,4000
mm_kernel_gpu_collapse,13917304,1,2,0,0,0,0,3,10000,4000,4000
mm_kernel_cpu,18047680,0,1,0,0,0,0,3,10000,4000,5000
mm_kernel_cpu_collapse,18198146,0,2,0,0,0,0,3,10000,4000,5000
mm_kernel_gpu_mem,18268563,1,1,480000000,400000000,400000000,880000000,3,10000,4000,5000
mm_kernel_gpu_mem,18222564,1,2,480000000,400000000,400000000,880000000,3,10000,4000,5000
mm_kernel_gpu,18279532,1,1,0,0,0,0,3,10000,4000,5000
mm_kernel_gpu_collapse,18268289,1,2,0,0,0,0,3,10000,4000,5000
mm_kernel_cpu,37708383,0,1,0,0,0,0,3,10000,4000,10000
mm_kernel_cpu_collapse,37339264,0,2,0,0,0,0,3,10000,4000,10000
mm_kernel_gpu_mem,37461388,1,1,640000000,800000000,800000000,1440000000,3,10000,4000,10000
mm_kernel_gpu_mem,37392866,1,2,640000000,800000000,800000000,1440000000,3,10000,4000,10000
mm_kernel_gpu,37516265,1,1,0,0,0,0,3,10000,4000,10000
mm_kernel_gpu_collapse,37390759,1,2,0,0,0,0,3,10000,4000,10000
mm_kernel_cpu,22838137,0,1,0,0,0,0,3,10000,4000,6000
mm_kernel_cpu_collapse,22097140,0,2,0,0,0,0,3,10000,4000,6000
mm_kernel_gpu_mem,22214872,1,1,512000000,480000000,480000000,992000000,3,10000,4000,6000
mm_kernel_gpu_mem,22179956,1,2,512000000,480000000,480000000,992000000,3,10000,4000,6000
mm_kernel_gpu,22217044,1,1,0,0,0,0,3,10000,4000,6000
mm_kernel_gpu_collapse,22142979,1,2,0,0,0,0,3,10000,4000,6000
mm_kernel_cpu,4270446,0,1,0,0,0,0,3,10000,5000,1000
mm_kernel_cpu_collapse,3371785,0,2,0,0,0,0,3,10000,5000,1000
mm_kernel_gpu_mem,3403035,1,1,440000000,80000000,80000000,520000000,3,10000,5000,1000
mm_kernel_gpu_mem,3392681,1,2,440000000,80000000,80000000,520000000,3,10000,5000,1000
mm_kernel_gpu,3403383,1,1,0,0,0,0,3,10000,5000,1000
mm_kernel_gpu_collapse,3393383,1,2,0,0,0,0,3,10000,5000,1000
mm_kernel_cpu,25003831,0,1,0,0,0,0,3,10000,4000,7000
mm_kernel_cpu_collapse,24005384,0,2,0,0,0,0,3,10000,4000,7000
mm_kernel_gpu_mem,24081353,1,1,544000000,560000000,560000000,1104000000,3,10000,4000,7000
mm_kernel_gpu_mem,24015090,1,2,544000000,560000000,560000000,1104000000,3,10000,4000,7000
mm_kernel_gpu,24101830,1,1,0,0,0,0,3,10000,4000,7000
mm_kernel_gpu_collapse,24013601,1,2,0,0,0,0,3,10000,4000,7000
mm_kernel_cpu,133780577,0,1,0,0,0,0,3,10000,10000,7000
mm_kernel_cpu_collapse,123141325,0,2,0,0,0,0,3,10000,10000,7000
mm_kernel_gpu_mem,111456437,1,1,1360000000,560000000,560000000,1920000000,3,10000,10000,7000
mm_kernel_gpu_mem,121903294,1,2,1360000000,560000000,560000000,1920000000,3,10000,10000,7000
mm_kernel_gpu,123057112,1,1,0,0,0,0,3,10000,10000,7000
mm_kernel_gpu_collapse,117242255,1,2,0,0,0,0,3,10000,10000,7000
mm_kernel_cpu,8299613,0,1,0,0,0,0,3,10000,5000,2000
mm_kernel_cpu_collapse,8171055,0,2,0,0,0,0,3,10000,5000,2000
mm_kernel_gpu_mem,8222489,1,1,480000000,160000000,160000000,640000000,3,10000,5000,2000
mm_kernel_gpu_mem,8196688,1,2,480000000,160000000,160000000,640000000,3,10000,5000,2000
mm_kernel_gpu,8220775,1,1,0,0,0,0,3,10000,5000,2000
mm_kernel_gpu_collapse,8199641,1,2,0,0,0,0,3,10000,5000,2000
mm_kernel_cpu,32037105,0,1,0,0,0,0,3,10000,4000,8000
mm_kernel_cpu_collapse,31601101,0,2,0,0,0,0,3,10000,4000,8000
mm_kernel_gpu_mem,31700658,1,1,576000000,640000000,640000000,1216000000,3,10000,4000,8000
mm_kernel_gpu_mem,31613465,1,2,576000000,640000000,640000000,1216000000,3,10000,4000,8000
mm_kernel_gpu,31715467,1,1,0,0,0,0,3,10000,4000,8000
mm_kernel_gpu_collapse,31609659,1,2,0,0,0,0,3,10000,4000,8000
mm_kernel_cpu,13592117,0,1,0,0,0,0,3,10000,5000,3000
mm_kernel_cpu_collapse,13319357,0,2,0,0,0,0,3,10000,5000,3000
mm_kernel_gpu_mem,13279039,1,1,520000000,240000000,240000000,760000000,3,10000,5000,3000
mm_kernel_gpu_mem,13253075,1,2,520000000,240000000,240000000,760000000,3,10000,5000,3000
mm_kernel_gpu,13279528,1,1,0,0,0,0,3,10000,5000,3000
mm_kernel_gpu_collapse,13256862,1,2,0,0,0,0,3,10000,5000,3000
mm_kernel_cpu,19864201,0,1,0,0,0,0,3,10000,5000,4000
mm_kernel_cpu_collapse,18869543,0,2,0,0,0,0,3,10000,5000,4000
mm_kernel_gpu_mem,18931577,1,1,560000000,320000000,320000000,880000000,3,10000,5000,4000
mm_kernel_gpu_mem,18874276,1,2,560000000,320000000,320000000,880000000,3,10000,5000,4000
mm_kernel_gpu,18933179,1,1,0,0,0,0,3,10000,5000,4000
mm_kernel_gpu_collapse,18876255,1,2,0,0,0,0,3,10000,5000,4000
mm_kernel_cpu,34955828,0,1,0,0,0,0,3,10000,4000,9000
mm_kernel_cpu_collapse,33757425,0,2,0,0,0,0,3,10000,4000,9000
mm_kernel_gpu_mem,33859028,1,1,608000000,720000000,720000000,1328000000,3,10000,4000,9000
mm_kernel_gpu_mem,33758106,1,2,608000000,720000000,720000000,1328000000,3,10000,4000,9000
mm_kernel_gpu,33887955,1,1,0,0,0,0,3,10000,4000,9000
mm_kernel_gpu_collapse,33773015,1,2,0,0,0,0,3,10000,4000,9000
mm_kernel_cpu,26706768,0,1,0,0,0,0,3,10000,5000,5000
mm_kernel_cpu_collapse,26026768,0,2,0,0,0,0,3,10000,5000,5000
mm_kernel_gpu_mem,26122855,1,1,600000000,400000000,400000000,1000000000,3,10000,5000,5000
mm_kernel_gpu_mem,26059637,1,2,600000000,400000000,400000000,1000000000,3,10000,5000,5000
mm_kernel_gpu,26133656,1,1,0,0,0,0,3,10000,5000,5000
mm_kernel_gpu_collapse,26052052,1,2,0,0,0,0,3,10000,5000,5000
mm_kernel_cpu,49030030,0,1,0,0,0,0,3,10000,5000,10000
mm_kernel_cpu_collapse,48169261,0,2,0,0,0,0,3,10000,5000,10000
mm_kernel_gpu_mem,48305856,1,1,800000000,800000000,800000000,1600000000,3,10000,5000,10000
mm_kernel_gpu_mem,48208036,1,2,800000000,800000000,800000000,1600000000,3,10000,5000,10000
mm_kernel_gpu,48295495,1,1,0,0,0,0,3,10000,5000,10000
mm_kernel_gpu_collapse,48163742,1,2,0,0,0,0,3,10000,5000,10000
mm_kernel_cpu,34220139,0,1,0,0,0,0,3,10000,5000,6000
mm_kernel_cpu_collapse,33363588,0,2,0,0,0,0,3,10000,5000,6000
mm_kernel_gpu_mem,33499322,1,1,640000000,480000000,480000000,1120000000,3,10000,5000,6000
mm_kernel_gpu_mem,33376655,1,2,640000000,480000000,480000000,1120000000,3,10000,5000,6000
mm_kernel_gpu,33488053,1,1,0,0,0,0,3,10000,5000,6000
mm_kernel_gpu_collapse,33373049,1,2,0,0,0,0,3,10000,5000,6000
mm_kernel_cpu,4712201,0,1,0,0,0,0,3,10000,6000,1000
mm_kernel_cpu_collapse,4252161,0,2,0,0,0,0,3,10000,6000,1000
mm_kernel_gpu_mem,4274779,1,1,528000000,80000000,80000000,608000000,3,10000,6000,1000
mm_kernel_gpu_mem,4261065,1,2,528000000,80000000,80000000,608000000,3,10000,6000,1000
mm_kernel_gpu,4275485,1,1,0,0,0,0,3,10000,6000,1000
mm_kernel_gpu_collapse,4261548,1,2,0,0,0,0,3,10000,6000,1000
mm_kernel_cpu,34882660,0,1,0,0,0,0,3,10000,5000,7000
mm_kernel_cpu_collapse,34640949,0,2,0,0,0,0,3,10000,5000,7000
mm_kernel_gpu_mem,34620635,1,1,680000000,560000000,560000000,1240000000,3,10000,5000,7000
mm_kernel_gpu_mem,34640972,1,2,680000000,560000000,560000000,1240000000,3,10000,5000,7000
mm_kernel_gpu,34623776,1,1,0,0,0,0,3,10000,5000,7000
mm_kernel_gpu_collapse,34657247,1,2,0,0,0,0,3,10000,5000,7000
mm_kernel_cpu,130604927,0,1,0,0,0,0,3,10000,10000,8000
mm_kernel_cpu_collapse,129121921,0,2,0,0,0,0,3,10000,10000,8000
mm_kernel_gpu_mem,129412575,1,1,1440000000,640000000,640000000,2080000000,3,10000,10000,8000
mm_kernel_gpu_mem,129003803,1,2,1440000000,640000000,640000000,2080000000,3,10000,10000,8000
mm_kernel_gpu,129425007,1,1,0,0,0,0,3,10000,10000,8000
mm_kernel_gpu_collapse,128968921,1,2,0,0,0,0,3,10000,10000,8000
mm_kernel_cpu,10339124,0,1,0,0,0,0,3,10000,6000,2000
mm_kernel_cpu_collapse,10118891,0,2,0,0,0,0,3,10000,6000,2000
mm_kernel_gpu_mem,10179293,1,1,576000000,160000000,160000000,736000000,3,10000,6000,2000
mm_kernel_gpu_mem,10144842,1,2,576000000,160000000,160000000,736000000,3,10000,6000,2000
mm_kernel_gpu,10178302,1,1,0,0,0,0,3,10000,6000,2000
mm_kernel_gpu_collapse,10142856,1,2,0,0,0,0,3,10000,6000,2000
mm_kernel_cpu,17472584,0,1,0,0,0,0,3,10000,6000,3000
mm_kernel_cpu_collapse,16807730,0,2,0,0,0,0,3,10000,6000,3000
mm_kernel_gpu_mem,16883049,1,1,624000000,240000000,240000000,864000000,3,10000,6000,3000
mm_kernel_gpu_mem,16831152,1,2,624000000,240000000,240000000,864000000,3,10000,6000,3000
mm_kernel_gpu,16886149,1,1,0,0,0,0,3,10000,6000,3000
mm_kernel_gpu_collapse,16832660,1,2,0,0,0,0,3,10000,6000,3000
mm_kernel_cpu,47168357,0,1,0,0,0,0,3,10000,5000,8000
mm_kernel_cpu_collapse,45971664,0,2,0,0,0,0,3,10000,5000,8000
mm_kernel_gpu_mem,46127987,1,1,720000000,640000000,640000000,1360000000,3,10000,5000,8000
mm_kernel_gpu_mem,45940094,1,2,720000000,640000000,640000000,1360000000,3,10000,5000,8000
mm_kernel_gpu,46120283,1,1,0,0,0,0,3,10000,5000,8000
mm_kernel_gpu_collapse,45963541,1,2,0,0,0,0,3,10000,5000,8000
mm_kernel_cpu,49972133,0,1,0,0,0,0,3,10000,5000,9000
mm_kernel_cpu_collapse,50352911,0,2,0,0,0,0,3,10000,5000,9000
mm_kernel_gpu_mem,50657481,1,1,760000000,720000000,720000000,1480000000,3,10000,5000,9000
mm_kernel_gpu_mem,50441327,1,2,760000000,720000000,720000000,1480000000,3,10000,5000,9000
mm_kernel_gpu,50585958,1,1,0,0,0,0,3,10000,5000,9000
mm_kernel_gpu_collapse,50394165,1,2,0,0,0,0,3,10000,5000,9000
mm_kernel_cpu,24934635,0,1,0,0,0,0,3,10000,6000,4000
mm_kernel_cpu_collapse,24137117,0,2,0,0,0,0,3,10000,6000,4000
mm_kernel_gpu_mem,24255624,1,1,672000000,320000000,320000000,992000000,3,10000,6000,4000
mm_kernel_gpu_mem,24185356,1,2,672000000,320000000,320000000,992000000,3,10000,6000,4000
mm_kernel_gpu,24256774,1,1,0,0,0,0,3,10000,6000,4000
mm_kernel_gpu_collapse,24184365,1,2,0,0,0,0,3,10000,6000,4000
mm_kernel_cpu,158466616,0,1,0,0,0,0,3,10000,10000,9000
mm_kernel_cpu_collapse,155425643,0,2,0,0,0,0,3,10000,10000,9000
mm_kernel_gpu_mem,155869103,1,1,1520000000,720000000,720000000,2240000000,3,10000,10000,9000
mm_kernel_gpu_mem,155532766,1,2,1520000000,720000000,720000000,2240000000,3,10000,10000,9000
mm_kernel_gpu,156147548,1,1,0,0,0,0,3,10000,10000,9000
mm_kernel_gpu_collapse,155633180,1,2,0,0,0,0,3,10000,10000,9000
mm_kernel_cpu,5630895,0,1,0,0,0,0,3,10000,7000,1000
mm_kernel_cpu_collapse,5068707,0,2,0,0,0,0,3,10000,7000,1000
mm_kernel_gpu_mem,5107361,1,1,616000000,80000000,80000000,696000000,3,10000,7000,1000
mm_kernel_gpu_mem,5105663,1,2,616000000,80000000,80000000,696000000,3,10000,7000,1000
mm_kernel_gpu,5106659,1,1,0,0,0,0,3,10000,7000,1000
mm_kernel_gpu_collapse,5091498,1,2,0,0,0,0,3,10000,7000,1000
mm_kernel_cpu,33626835,0,1,0,0,0,0,3,10000,6000,5000
mm_kernel_cpu_collapse,33107876,0,2,0,0,0,0,3,10000,6000,5000
mm_kernel_gpu_mem,33199919,1,1,720000000,400000000,400000000,1120000000,3,10000,6000,5000
mm_kernel_gpu_mem,33158920,1,2,720000000,400000000,400000000,1120000000,3,10000,6000,5000
mm_kernel_gpu,33185085,1,1,0,0,0,0,3,10000,6000,5000
mm_kernel_gpu_collapse,33133260,1,2,0,0,0,0,3,10000,6000,5000
mm_kernel_cpu,65399451,0,1,0,0,0,0,3,10000,6000,10000
mm_kernel_cpu_collapse,66034368,0,2,0,0,0,0,3,10000,6000,10000
mm_kernel_gpu_mem,66065575,1,1,960000000,800000000,800000000,1760000000,3,10000,6000,10000
mm_kernel_gpu_mem,66082671,1,2,960000000,800000000,800000000,1760000000,3,10000,6000,10000
mm_kernel_gpu,66058350,1,1,0,0,0,0,3,10000,6000,10000
mm_kernel_gpu_collapse,66015118,1,2,0,0,0,0,3,10000,6000,10000
mm_kernel_cpu,12757095,0,1,0,0,0,0,3,10000,7000,2000
mm_kernel_cpu_collapse,11976340,0,2,0,0,0,0,3,10000,7000,2000
mm_kernel_gpu_mem,12009924,1,1,672000000,160000000,160000000,832000000,3,10000,7000,2000
mm_kernel_gpu_mem,11984825,1,2,672000000,160000000,160000000,832000000,3,10000,7000,2000
mm_kernel_gpu,12026035,1,1,0,0,0,0,3,10000,7000,2000
mm_kernel_gpu_collapse,11999829,1,2,0,0,0,0,3,10000,7000,2000
mm_kernel_cpu,45300340,0,1,0,0,0,0,3,10000,6000,6000
mm_kernel_cpu_collapse,44286564,0,2,0,0,0,0,3,10000,6000,6000
mm_kernel_gpu_mem,44284402,1,1,768000000,480000000,480000000,1248000000,3,10000,6000,6000
mm_kernel_gpu_mem,44407953,1,2,768000000,480000000,480000000,1248000000,3,10000,6000,6000
mm_kernel_gpu,44283465,1,1,0,0,0,0,3,10000,6000,6000
mm_kernel_gpu_collapse,44383140,1,2,0,0,0,0,3,10000,6000,6000
mm_kernel_cpu,20240444,0,1,0,0,0,0,3,10000,7000,3000
mm_kernel_cpu_collapse,19490191,0,2,0,0,0,0,3,10000,7000,3000
mm_kernel_gpu_mem,19563110,1,1,728000000,240000000,240000000,968000000,3,10000,7000,3000
mm_kernel_gpu_mem,19496174,1,2,728000000,240000000,240000000,968000000,3,10000,7000,3000
mm_kernel_gpu,19552211,1,1,0,0,0,0,3,10000,7000,3000
mm_kernel_gpu_collapse,19492054,1,2,0,0,0,0,3,10000,7000,3000
mm_kernel_cpu,52242066,0,1,0,0,0,0,3,10000,6000,7000
mm_kernel_cpu_collapse,52210614,0,2,0,0,0,0,3,10000,6000,7000
mm_kernel_gpu_mem,52352186,1,1,816000000,560000000,560000000,1376000000,3,10000,6000,7000
mm_kernel_gpu_mem,52251112,1,2,816000000,560000000,560000000,1376000000,3,10000,6000,7000
mm_kernel_gpu,52443509,1,1,0,0,0,0,3,10000,6000,7000
mm_kernel_gpu_collapse,52273044,1,2,0,0,0,0,3,10000,6000,7000
mm_kernel_cpu,29687635,0,1,0,0,0,0,3,10000,7000,4000
mm_kernel_cpu_collapse,28986926,0,2,0,0,0,0,3,10000,7000,4000
mm_kernel_gpu_mem,29099195,1,1,784000000,320000000,320000000,1104000000,3,10000,7000,4000
mm_kernel_gpu_mem,29022955,1,2,784000000,320000000,320000000,1104000000,3,10000,7000,4000
mm_kernel_gpu,29104624,1,1,0,0,0,0,3,10000,7000,4000
mm_kernel_gpu_collapse,29017201,1,2,0,0,0,0,3,10000,7000,4000
mm_kernel_cpu,68042654,0,1,0,0,0,0,3,10000,6000,9000
mm_kernel_cpu_collapse,68239953,0,2,0,0,0,0,3,10000,6000,9000
mm_kernel_gpu_mem,68425109,1,1,912000000,720000000,720000000,1632000000,3,10000,6000,9000
mm_kernel_gpu_mem,68107381,1,2,912000000,720000000,720000000,1632000000,3,10000,6000,9000
mm_kernel_gpu,68441144,1,1,0,0,0,0,3,10000,6000,9000
mm_kernel_gpu_collapse,68173185,1,2,0,0,0,0,3,10000,6000,9000
mm_kernel_cpu,40500288,0,1,0,0,0,0,3,10000,7000,5000
mm_kernel_cpu_collapse,40028054,0,2,0,0,0,0,3,10000,7000,5000
mm_kernel_gpu_mem,40137891,1,1,840000000,400000000,400000000,1240000000,3,10000,7000,5000
mm_kernel_gpu_mem,40036489,1,2,840000000,400000000,400000000,1240000000,3,10000,7000,5000
mm_kernel_gpu,40194249,1,1,0,0,0,0,3,10000,7000,5000
mm_kernel_gpu_collapse,40078007,1,2,0,0,0,0,3,10000,7000,5000
mm_kernel_cpu,6768386,0,1,0,0,0,0,3,10000,8000,1000
mm_kernel_cpu_collapse,5894317,0,2,0,0,0,0,3,10000,8000,1000
mm_kernel_gpu_mem,5931389,1,1,704000000,80000000,80000000,784000000,3,10000,8000,1000
mm_kernel_gpu_mem,5911995,1,2,704000000,80000000,80000000,784000000,3,10000,8000,1000
mm_kernel_gpu,5929736,1,1,0,0,0,0,3,10000,8000,1000
mm_kernel_gpu_collapse,5911815,1,2,0,0,0,0,3,10000,8000,1000
mm_kernel_cpu,54377643,0,1,0,0,0,0,3,10000,7000,6000
mm_kernel_cpu_collapse,53736252,0,2,0,0,0,0,3,10000,7000,6000
mm_kernel_gpu_mem,53839022,1,1,896000000,480000000,480000000,1376000000,3,10000,7000,6000
mm_kernel_gpu_mem,53842743,1,2,896000000,480000000,480000000,1376000000,3,10000,7000,6000
mm_kernel_gpu,53882161,1,1,0,0,0,0,3,10000,7000,6000
mm_kernel_gpu_collapse,53875751,1,2,0,0,0,0,3,10000,7000,6000
mm_kernel_cpu,14556810,0,1,0,0,0,0,3,10000,8000,2000
mm_kernel_cpu_collapse,13794399,0,2,0,0,0,0,3,10000,8000,2000
mm_kernel_gpu_mem,13850012,1,1,768000000,160000000,160000000,928000000,3,10000,8000,2000
mm_kernel_gpu_mem,13808389,1,2,768000000,160000000,160000000,928000000,3,10000,8000,2000
mm_kernel_gpu,13850455,1,1,0,0,0,0,3,10000,8000,2000
mm_kernel_gpu_collapse,13803495,1,2,0,0,0,0,3,10000,8000,2000
mm_kernel_cpu,94583974,0,1,0,0,0,0,3,10000,7000,10000
mm_kernel_cpu_collapse,94469820,0,2,0,0,0,0,3,10000,7000,10000
mm_kernel_gpu_mem,93886557,1,1,1120000000,800000000,800000000,1920000000,3,10000,7000,10000
mm_kernel_gpu_mem,94823972,1,2,1120000000,800000000,800000000,1920000000,3,10000,7000,10000
mm_kernel_gpu,96078159,1,1,0,0,0,0,3,10000,7000,10000
mm_kernel_gpu_collapse,95763750,1,2,0,0,0,0,3,10000,7000,10000
mm_kernel_cpu,68095834,0,1,0,0,0,0,3,10000,7000,7000
mm_kernel_cpu_collapse,67265191,0,2,0,0,0,0,3,10000,7000,7000
mm_kernel_gpu_mem,67476071,1,1,952000000,560000000,560000000,1512000000,3,10000,7000,7000
mm_kernel_gpu_mem,67363665,1,2,952000000,560000000,560000000,1512000000,3,10000,7000,7000
mm_kernel_gpu,67512274,1,1,0,0,0,0,3,10000,7000,7000
mm_kernel_gpu_collapse,67359052,1,2,0,0,0,0,3,10000,7000,7000
mm_kernel_cpu,23880431,0,1,0,0,0,0,3,10000,8000,3000
mm_kernel_cpu_collapse,23369606,0,2,0,0,0,0,3,10000,8000,3000
mm_kernel_gpu_mem,23459082,1,1,832000000,240000000,240000000,1072000000,3,10000,8000,3000
mm_kernel_gpu_mem,23369080,1,2,832000000,240000000,240000000,1072000000,3,10000,8000,3000
mm_kernel_gpu,23453183,1,1,0,0,0,0,3,10000,8000,3000
mm_kernel_gpu_collapse,23380954,1,2,0,0,0,0,3,10000,8000,3000
mm_kernel_cpu,36052945,0,1,0,0,0,0,3,10000,8000,4000
mm_kernel_cpu_collapse,35106511,0,2,0,0,0,0,3,10000,8000,4000
mm_kernel_gpu_mem,35229477,1,1,896000000,320000000,320000000,1216000000,3,10000,8000,4000
mm_kernel_gpu_mem,35123679,1,2,896000000,320000000,320000000,1216000000,3,10000,8000,4000
mm_kernel_gpu,35246693,1,1,0,0,0,0,3,10000,8000,4000
mm_kernel_gpu_collapse,35107206,1,2,0,0,0,0,3,10000,8000,4000
mm_kernel_cpu,79190039,0,1,0,0,0,0,3,10000,7000,8000
mm_kernel_cpu_collapse,79182450,0,2,0,0,0,0,3,10000,7000,8000
mm_kernel_gpu_mem,79365653,1,1,1008000000,640000000,640000000,1648000000,3,10000,7000,8000
mm_kernel_gpu_mem,79217399,1,2,1008000000,640000000,640000000,1648000000,3,10000,7000,8000
mm_kernel_gpu,79397002,1,1,0,0,0,0,3,10000,7000,8000
mm_kernel_gpu_collapse,79199103,1,2,0,0,0,0,3,10000,7000,8000
mm_kernel_cpu,48868088,0,1,0,0,0,0,3,10000,8000,5000
mm_kernel_cpu_collapse,47666727,0,2,0,0,0,0,3,10000,8000,5000
mm_kernel_gpu_mem,47855529,1,1,960000000,400000000,400000000,1360000000,3,10000,8000,5000
mm_kernel_gpu_mem,47676355,1,2,960000000,400000000,400000000,1360000000,3,10000,8000,5000
mm_kernel_gpu,47856174,1,1,0,0,0,0,3,10000,8000,5000
mm_kernel_gpu_collapse,47687187,1,2,0,0,0,0,3,10000,8000,5000
mm_kernel_cpu,90643648,0,1,0,0,0,0,3,10000,7000,9000
mm_kernel_cpu_collapse,91289416,0,2,0,0,0,0,3,10000,7000,9000
mm_kernel_gpu_mem,91536199,1,1,1064000000,720000000,720000000,1784000000,3,10000,7000,9000
mm_kernel_gpu_mem,91534474,1,2,1064000000,720000000,720000000,1784000000,3,10000,7000,9000
mm_kernel_gpu,91421038,1,1,0,0,0,0,3,10000,7000,9000
mm_kernel_gpu_collapse,91447403,1,2,0,0,0,0,3,10000,7000,9000
mm_kernel_cpu,7895005,0,1,0,0,0,0,3,10000,9000,1000
mm_kernel_cpu_collapse,6702040,0,2,0,0,0,0,3,10000,9000,1000
mm_kernel_gpu_mem,6743042,1,1,792000000,80000000,80000000,872000000,3,10000,9000,1000
mm_kernel_gpu_mem,6727619,1,2,792000000,80000000,80000000,872000000,3,10000,9000,1000
mm_kernel_gpu,6741674,1,1,0,0,0,0,3,10000,9000,1000
mm_kernel_gpu_collapse,6727806,1,2,0,0,0,0,3,10000,9000,1000
