kernel,runtime,gpu,collapse,num_teams,num_threads,mem_to,mem_alloc,mem_from,mem_delete,num_var,N1
cc_kernel_cpu,6866,0,1,1,48,0,0,0,0,1,100000
cc_kernel_gpu_mem,23052,1,1,240,256,1600056,0,56,1600000,1,100000
cc_kernel_gpu,9342,1,1,240,256,56,0,56,0,1,100000
cc_kernel_cpu,2748,0,1,1,48,0,0,0,0,1,10000
cc_kernel_gpu_mem,22137,1,1,40,256,160056,0,56,160000,1,10000
cc_kernel_gpu,14083,1,1,40,256,56,0,56,0,1,10000
cc_kernel_cpu,802,0,1,1,48,0,0,0,0,1,1000
cc_kernel_gpu_mem,27220,1,1,4,256,16056,0,56,16000,1,1000
cc_kernel_gpu,10218,1,1,4,256,56,0,56,0,1,1000
cc_kernel_cpu,32843,0,1,1,48,0,0,0,0,1,101000
cc_kernel_gpu_mem,10283,1,1,240,256,1616056,0,56,1616000,1,101000
cc_kernel_gpu,9148,1,1,240,256,56,0,56,0,1,101000
cc_kernel_cpu,6407,0,1,1,48,0,0,0,0,1,102000
cc_kernel_gpu_mem,7033,1,1,240,256,1632056,0,56,1632000,1,102000
cc_kernel_gpu,5705,1,1,240,256,56,0,56,0,1,102000
cc_kernel_cpu,9476,0,1,1,48,0,0,0,0,1,103000
cc_kernel_gpu_mem,5104,1,1,240,256,1648056,0,56,1648000,1,103000
cc_kernel_gpu,18273,1,1,240,256,56,0,56,0,1,103000
cc_kernel_cpu,5094,0,1,1,48,0,0,0,0,1,104000
cc_kernel_gpu_mem,4390,1,1,240,256,1664056,0,56,1664000,1,104000
cc_kernel_gpu,3907,1,1,240,256,56,0,56,0,1,104000
cc_kernel_cpu,8394,0,1,1,48,0,0,0,0,1,105000
cc_kernel_gpu_mem,6836,1,1,240,256,1680056,0,56,1680000,1,105000
cc_kernel_gpu,5535,1,1,240,256,56,0,56,0,1,105000
cc_kernel_cpu,6700,0,1,1,48,0,0,0,0,1,106000
cc_kernel_gpu_mem,4161,1,1,240,256,1696056,0,56,1696000,1,106000
cc_kernel_gpu,2496,1,1,240,256,56,0,56,0,1,106000
cc_kernel_cpu,5368,0,1,1,48,0,0,0,0,1,107000
cc_kernel_gpu_mem,4237,1,1,240,256,1712056,0,56,1712000,1,107000
cc_kernel_gpu,2513,1,1,240,256,56,0,56,0,1,107000
cc_kernel_cpu,367,0,1,1,48,0,0,0,0,1,108000
cc_kernel_gpu_mem,4227,1,1,240,256,1728056,0,56,1728000,1,108000
cc_kernel_gpu,2491,1,1,240,256,56,0,56,0,1,108000
cc_kernel_cpu,25505,0,1,1,48,0,0,0,0,1,109000
cc_kernel_gpu_mem,9242,1,1,240,256,1744056,0,56,1744000,1,109000
cc_kernel_gpu,2525,1,1,240,256,56,0,56,0,1,109000
cc_kernel_cpu,6689,0,1,1,48,0,0,0,0,1,110000
cc_kernel_gpu_mem,6816,1,1,240,256,1760056,0,56,1760000,1,110000
cc_kernel_gpu,5332,1,1,240,256,56,0,56,0,1,110000
cc_kernel_cpu,8257,0,1,1,48,0,0,0,0,1,11000
cc_kernel_gpu_mem,3734,1,1,43,256,176056,0,56,176000,1,11000
cc_kernel_gpu,2149,1,1,43,256,56,0,56,0,1,11000
cc_kernel_cpu,20224,0,1,1,48,0,0,0,0,1,111000
cc_kernel_gpu_mem,10151,1,1,240,256,1776056,0,56,1776000,1,111000
cc_kernel_gpu,2522,1,1,240,256,56,0,56,0,1,111000
cc_kernel_cpu,17955,0,1,1,48,0,0,0,0,1,112000
cc_kernel_gpu_mem,10029,1,1,240,256,1792056,0,56,1792000,1,112000
cc_kernel_gpu,9059,1,1,240,256,56,0,56,0,1,112000
cc_kernel_cpu,6651,0,1,1,48,0,0,0,0,1,113000
cc_kernel_gpu_mem,6867,1,1,240,256,1808056,0,56,1808000,1,113000
cc_kernel_gpu,5411,1,1,240,256,56,0,56,0,1,113000
cc_kernel_cpu,15394,0,1,1,48,0,0,0,0,1,114000
cc_kernel_gpu_mem,10064,1,1,240,256,1824056,0,56,1824000,1,114000
cc_kernel_gpu,9091,1,1,240,256,56,0,56,0,1,114000
cc_kernel_cpu,3253,0,1,1,48,0,0,0,0,1,115000
cc_kernel_gpu_mem,4244,1,1,240,256,1840056,0,56,1840000,1,115000
cc_kernel_gpu,2459,1,1,240,256,56,0,56,0,1,115000
cc_kernel_cpu,298,0,1,1,48,0,0,0,0,1,116000
cc_kernel_gpu_mem,4203,1,1,240,256,1856056,0,56,1856000,1,116000
cc_kernel_gpu,2447,1,1,240,256,56,0,56,0,1,116000
cc_kernel_cpu,14355,0,1,1,48,0,0,0,0,1,117000
cc_kernel_gpu_mem,4619,1,1,240,256,1872056,0,56,1872000,1,117000
cc_kernel_gpu,2443,1,1,240,256,56,0,56,0,1,117000
cc_kernel_cpu,2112,0,1,1,48,0,0,0,0,1,118000
cc_kernel_gpu_mem,4236,1,1,240,256,1888056,0,56,1888000,1,118000
cc_kernel_gpu,2481,1,1,240,256,56,0,56,0,1,118000
cc_kernel_cpu,7645,0,1,1,48,0,0,0,0,1,119000
cc_kernel_gpu_mem,6649,1,1,240,256,1904056,0,56,1904000,1,119000
cc_kernel_gpu,5453,1,1,240,256,56,0,56,0,1,119000
cc_kernel_cpu,581,0,1,1,48,0,0,0,0,1,120000
cc_kernel_gpu_mem,6733,1,1,240,256,1920056,0,56,1920000,1,120000
cc_kernel_gpu,5295,1,1,240,256,56,0,56,0,1,120000
cc_kernel_cpu,515,0,1,1,48,0,0,0,0,1,12000
cc_kernel_gpu_mem,19014,1,1,47,256,192056,0,56,192000,1,12000
cc_kernel_gpu,8501,1,1,47,256,56,0,56,0,1,12000
cc_kernel_cpu,11490,0,1,1,48,0,0,0,0,1,121000
cc_kernel_gpu_mem,4361,1,1,240,256,1936056,0,56,1936000,1,121000
cc_kernel_gpu,2492,1,1,240,256,56,0,56,0,1,121000
cc_kernel_cpu,614,0,1,1,48,0,0,0,0,1,122000
cc_kernel_gpu_mem,4228,1,1,240,256,1952056,0,56,1952000,1,122000
cc_kernel_gpu,2471,1,1,240,256,56,0,56,0,1,122000
cc_kernel_cpu,358,0,1,1,48,0,0,0,0,1,123000
cc_kernel_gpu_mem,4234,1,1,240,256,1968056,0,56,1968000,1,123000
cc_kernel_gpu,2532,1,1,240,256,56,0,56,0,1,123000
cc_kernel_cpu,1514,0,1,1,48,0,0,0,0,1,124000
cc_kernel_gpu_mem,6721,1,1,240,256,1984056,0,56,1984000,1,124000
cc_kernel_gpu,5362,1,1,240,256,56,0,56,0,1,124000
cc_kernel_cpu,2293,0,1,1,48,0,0,0,0,1,125000
cc_kernel_gpu_mem,6742,1,1,240,256,2000056,0,56,2000000,1,125000
cc_kernel_gpu,12756,1,1,240,256,56,0,56,0,1,125000
cc_kernel_cpu,20878,0,1,1,48,0,0,0,0,1,126000
cc_kernel_gpu_mem,6991,1,1,240,256,2016056,0,56,2016000,1,126000
cc_kernel_gpu,5538,1,1,240,256,56,0,56,0,1,126000
cc_kernel_cpu,8468,0,1,1,48,0,0,0,0,1,127000
cc_kernel_gpu_mem,6588,1,1,240,256,2032056,0,56,2032000,1,127000
cc_kernel_gpu,2358,1,1,240,256,56,0,56,0,1,127000
cc_kernel_cpu,2073,0,1,1,48,0,0,0,0,1,128000
cc_kernel_gpu_mem,9130,1,1,240,256,2048056,0,56,2048000,1,128000
cc_kernel_gpu,7518,1,1,240,256,56,0,56,0,1,128000
cc_kernel_cpu,4713,0,1,1,48,0,0,0,0,1,129000
cc_kernel_gpu_mem,7837,1,1,240,256,2064056,0,56,2064000,1,129000
cc_kernel_gpu,7426,1,1,240,256,56,0,56,0,1,129000
cc_kernel_cpu,1675,0,1,1,48,0,0,0,0,1,130000
cc_kernel_gpu_mem,9126,1,1,240,256,2080056,0,56,2080000,1,130000
cc_kernel_gpu,7600,1,1,240,256,56,0,56,0,1,130000
cc_kernel_cpu,6183,0,1,1,48,0,0,0,0,1,13000
cc_kernel_gpu_mem,8802,1,1,51,256,208056,0,56,208000,1,13000
cc_kernel_gpu,5230,1,1,51,256,56,0,56,0,1,13000
cc_kernel_cpu,1545,0,1,1,48,0,0,0,0,1,131000
cc_kernel_gpu_mem,9551,1,1,240,256,2096056,0,56,2096000,1,131000
cc_kernel_gpu,7634,1,1,240,256,56,0,56,0,1,131000
cc_kernel_cpu,17708,0,1,1,48,0,0,0,0,1,132000
cc_kernel_gpu_mem,28470,1,1,240,256,2112056,0,56,2112000,1,132000
cc_kernel_gpu,7643,1,1,240,256,56,0,56,0,1,132000
cc_kernel_cpu,347,0,1,1,48,0,0,0,0,1,133000
cc_kernel_gpu_mem,7149,1,1,240,256,2128056,0,56,2128000,1,133000
cc_kernel_gpu,2494,1,1,240,256,56,0,56,0,1,133000
cc_kernel_cpu,11561,0,1,1,48,0,0,0,0,1,134000
cc_kernel_gpu_mem,18537,1,1,240,256,2144056,0,56,2144000,1,134000
cc_kernel_gpu,7599,1,1,240,256,56,0,56,0,1,134000
cc_kernel_cpu,368,0,1,1,48,0,0,0,0,1,135000
cc_kernel_gpu_mem,18932,1,1,240,256,2160056,0,56,2160000,1,135000
cc_kernel_gpu,16192,1,1,240,256,56,0,56,0,1,135000
cc_kernel_cpu,319,0,1,1,48,0,0,0,0,1,136000
cc_kernel_gpu_mem,7143,1,1,240,256,2176056,0,56,2176000,1,136000
cc_kernel_gpu,2525,1,1,240,256,56,0,56,0,1,136000
cc_kernel_cpu,445,0,1,1,48,0,0,0,0,1,137000
cc_kernel_gpu_mem,7350,1,1,240,256,2192056,0,56,2192000,1,137000
cc_kernel_gpu,6994,1,1,240,256,56,0,56,0,1,137000
cc_kernel_cpu,2906,0,1,1,48,0,0,0,0,1,138000
cc_kernel_gpu_mem,26421,1,1,240,256,2208056,0,56,2208000,1,138000
cc_kernel_gpu,11465,1,1,240,256,56,0,56,0,1,138000
cc_kernel_cpu,19832,0,1,1,48,0,0,0,0,1,139000
cc_kernel_gpu_mem,7175,1,1,240,256,2224056,0,56,2224000,1,139000
cc_kernel_gpu,8718,1,1,240,256,56,0,56,0,1,139000
cc_kernel_cpu,15213,0,1,1,48,0,0,0,0,1,140000
cc_kernel_gpu_mem,7198,1,1,240,256,2240056,0,56,2240000,1,140000
cc_kernel_gpu,2355,1,1,240,256,56,0,56,0,1,140000
cc_kernel_cpu,12844,0,1,1,48,0,0,0,0,1,14000
cc_kernel_gpu_mem,6514,1,1,55,256,224056,0,56,224000,1,14000
cc_kernel_gpu,5184,1,1,55,256,56,0,56,0,1,14000
cc_kernel_cpu,20336,0,1,1,48,0,0,0,0,1,141000
cc_kernel_gpu_mem,7303,1,1,240,256,2256056,0,56,2256000,1,141000
cc_kernel_gpu,2523,1,1,240,256,56,0,56,0,1,141000
cc_kernel_cpu,3964,0,1,1,48,0,0,0,0,1,142000
cc_kernel_gpu_mem,29631,1,1,240,256,2272056,0,56,2272000,1,142000
cc_kernel_gpu,4384,1,1,240,256,56,0,56,0,1,142000
cc_kernel_cpu,7321,0,1,1,48,0,0,0,0,1,143000
cc_kernel_gpu_mem,29431,1,1,240,256,2288056,0,56,2288000,1,143000
cc_kernel_gpu,7772,1,1,240,256,56,0,56,0,1,143000
cc_kernel_cpu,12984,0,1,1,48,0,0,0,0,1,144000
cc_kernel_gpu_mem,28526,1,1,240,256,2304056,0,56,2304000,1,144000
cc_kernel_gpu,5479,1,1,240,256,56,0,56,0,1,144000
cc_kernel_cpu,2433,0,1,1,48,0,0,0,0,1,145000
cc_kernel_gpu_mem,11857,1,1,240,256,2320056,0,56,2320000,1,145000
cc_kernel_gpu,7648,1,1,240,256,56,0,56,0,1,145000
cc_kernel_cpu,7259,0,1,1,48,0,0,0,0,1,146000
cc_kernel_gpu_mem,26581,1,1,240,256,2336056,0,56,2336000,1,146000
cc_kernel_gpu,12076,1,1,240,256,56,0,56,0,1,146000
cc_kernel_cpu,12006,0,1,1,48,0,0,0,0,1,147000
cc_kernel_gpu_mem,11005,1,1,240,256,2352056,0,56,2352000,1,147000
cc_kernel_gpu,2530,1,1,240,256,56,0,56,0,1,147000
cc_kernel_cpu,9055,0,1,1,48,0,0,0,0,1,148000
cc_kernel_gpu_mem,13209,1,1,240,256,2368056,0,56,2368000,1,148000
cc_kernel_gpu,7369,1,1,240,256,56,0,56,0,1,148000
cc_kernel_cpu,4597,0,1,1,48,0,0,0,0,1,149000
cc_kernel_gpu_mem,11511,1,1,240,256,2384056,0,56,2384000,1,149000
cc_kernel_gpu,7845,1,1,240,256,56,0,56,0,1,149000
cc_kernel_cpu,15901,0,1,1,48,0,0,0,0,1,150000
cc_kernel_gpu_mem,18700,1,1,240,256,2400056,0,56,2400000,1,150000
cc_kernel_gpu,2524,1,1,240,256,56,0,56,0,1,150000
cc_kernel_cpu,9430,0,1,1,48,0,0,0,0,1,15000
cc_kernel_gpu_mem,9574,1,1,59,256,240056,0,56,240000,1,15000
cc_kernel_gpu,2150,1,1,59,256,56,0,56,0,1,15000
cc_kernel_cpu,1883,0,1,1,48,0,0,0,0,1,151000
cc_kernel_gpu_mem,64066,1,1,240,256,2416056,0,56,2416000,1,151000
cc_kernel_gpu,2544,1,1,240,256,56,0,56,0,1,151000
cc_kernel_cpu,8838,0,1,1,48,0,0,0,0,1,152000
cc_kernel_gpu_mem,18862,1,1,240,256,2432056,0,56,2432000,1,152000
cc_kernel_gpu,8331,1,1,240,256,56,0,56,0,1,152000
cc_kernel_cpu,9067,0,1,1,48,0,0,0,0,1,153000
cc_kernel_gpu_mem,12005,1,1,240,256,2448056,0,56,2448000,1,153000
cc_kernel_gpu,7776,1,1,240,256,56,0,56,0,1,153000
cc_kernel_cpu,3760,0,1,1,48,0,0,0,0,1,154000
cc_kernel_gpu_mem,18559,1,1,240,256,2464056,0,56,2464000,1,154000
cc_kernel_gpu,7891,1,1,240,256,56,0,56,0,1,154000
cc_kernel_cpu,6322,0,1,1,48,0,0,0,0,1,155000
cc_kernel_gpu_mem,8679,1,1,240,256,2480056,0,56,2480000,1,155000
cc_kernel_gpu,7693,1,1,240,256,56,0,56,0,1,155000
cc_kernel_cpu,5441,0,1,1,48,0,0,0,0,1,156000
cc_kernel_gpu_mem,21275,1,1,240,256,2496056,0,56,2496000,1,156000
cc_kernel_gpu,9827,1,1,240,256,56,0,56,0,1,156000
cc_kernel_cpu,1381,0,1,1,48,0,0,0,0,1,157000
cc_kernel_gpu_mem,7184,1,1,240,256,2512056,0,56,2512000,1,157000
cc_kernel_gpu,2485,1,1,240,256,56,0,56,0,1,157000
cc_kernel_cpu,11643,0,1,1,48,0,0,0,0,1,158000
cc_kernel_gpu_mem,35667,1,1,240,256,2528056,0,56,2528000,1,158000
cc_kernel_gpu,13935,1,1,240,256,56,0,56,0,1,158000
cc_kernel_cpu,2094,0,1,1,48,0,0,0,0,1,159000
cc_kernel_gpu_mem,18813,1,1,240,256,2544056,0,56,2544000,1,159000
cc_kernel_gpu,7784,1,1,240,256,56,0,56,0,1,159000
cc_kernel_cpu,548,0,1,1,48,0,0,0,0,1,160000
cc_kernel_gpu_mem,17891,1,1,240,256,2560056,0,56,2560000,1,160000
cc_kernel_gpu,4866,1,1,240,256,56,0,56,0,1,160000
cc_kernel_cpu,1181,0,1,1,48,0,0,0,0,1,16000
cc_kernel_gpu_mem,3664,1,1,63,256,256056,0,56,256000,1,16000
cc_kernel_gpu,3853,1,1,63,256,56,0,56,0,1,16000
cc_kernel_cpu,1979,0,1,1,48,0,0,0,0,1,161000
cc_kernel_gpu_mem,43401,1,1,240,256,2576056,0,56,2576000,1,161000
cc_kernel_gpu,2510,1,1,240,256,56,0,56,0,1,161000
cc_kernel_cpu,780,0,1,1,48,0,0,0,0,1,162000
cc_kernel_gpu_mem,13149,1,1,240,256,2592056,0,56,2592000,1,162000
cc_kernel_gpu,7996,1,1,240,256,56,0,56,0,1,162000
cc_kernel_cpu,6736,0,1,1,48,0,0,0,0,1,163000
cc_kernel_gpu_mem,21826,1,1,240,256,2608056,0,56,2608000,1,163000
cc_kernel_gpu,7834,1,1,240,256,56,0,56,0,1,163000
cc_kernel_cpu,422,0,1,1,48,0,0,0,0,1,164000
cc_kernel_gpu_mem,12700,1,1,240,256,2624056,0,56,2624000,1,164000
cc_kernel_gpu,7859,1,1,240,256,56,0,56,0,1,164000
cc_kernel_cpu,2938,0,1,1,48,0,0,0,0,1,165000
cc_kernel_gpu_mem,12406,1,1,240,256,2640056,0,56,2640000,1,165000
cc_kernel_gpu,7675,1,1,240,256,56,0,56,0,1,165000
cc_kernel_cpu,5764,0,1,1,48,0,0,0,0,1,166000
cc_kernel_gpu_mem,33330,1,1,240,256,2656056,0,56,2656000,1,166000
cc_kernel_gpu,7828,1,1,240,256,56,0,56,0,1,166000
cc_kernel_cpu,18642,0,1,1,48,0,0,0,0,1,167000
cc_kernel_gpu_mem,7293,1,1,240,256,2672056,0,56,2672000,1,167000
cc_kernel_gpu,2518,1,1,240,256,56,0,56,0,1,167000
cc_kernel_cpu,7839,0,1,1,48,0,0,0,0,1,168000
cc_kernel_gpu_mem,11461,1,1,240,256,2688056,0,56,2688000,1,168000
cc_kernel_gpu,2529,1,1,240,256,56,0,56,0,1,168000
cc_kernel_cpu,469,0,1,1,48,0,0,0,0,1,169000
cc_kernel_gpu_mem,7085,1,1,240,256,2704056,0,56,2704000,1,169000
cc_kernel_gpu,2510,1,1,240,256,56,0,56,0,1,169000
cc_kernel_cpu,8193,0,1,1,48,0,0,0,0,1,170000
cc_kernel_gpu_mem,16793,1,1,240,256,2720056,0,56,2720000,1,170000
cc_kernel_gpu,3683,1,1,240,256,56,0,56,0,1,170000
cc_kernel_cpu,4725,0,1,1,48,0,0,0,0,1,17000
cc_kernel_gpu_mem,6645,1,1,67,256,272056,0,56,272000,1,17000
cc_kernel_gpu,5188,1,1,67,256,56,0,56,0,1,17000
cc_kernel_cpu,1527,0,1,1,48,0,0,0,0,1,171000
cc_kernel_gpu_mem,12931,1,1,240,256,2736056,0,56,2736000,1,171000
cc_kernel_gpu,7632,1,1,240,256,56,0,56,0,1,171000
cc_kernel_cpu,1690,0,1,1,48,0,0,0,0,1,172000
cc_kernel_gpu_mem,18915,1,1,240,256,2752056,0,56,2752000,1,172000
cc_kernel_gpu,7762,1,1,240,256,56,0,56,0,1,172000
cc_kernel_cpu,4306,0,1,1,48,0,0,0,0,1,173000
cc_kernel_gpu_mem,16903,1,1,240,256,2768056,0,56,2768000,1,173000
cc_kernel_gpu,17569,1,1,240,256,56,0,56,0,1,173000
cc_kernel_cpu,2353,0,1,1,48,0,0,0,0,1,174000
cc_kernel_gpu_mem,14382,1,1,240,256,2784056,0,56,2784000,1,174000
cc_kernel_gpu,2480,1,1,240,256,56,0,56,0,1,174000
cc_kernel_cpu,7874,0,1,1,48,0,0,0,0,1,175000
cc_kernel_gpu_mem,16843,1,1,240,256,2800056,0,56,2800000,1,175000
cc_kernel_gpu,5160,1,1,240,256,56,0,56,0,1,175000
cc_kernel_cpu,1943,0,1,1,48,0,0,0,0,1,176000
cc_kernel_gpu_mem,18634,1,1,240,256,2816056,0,56,2816000,1,176000
cc_kernel_gpu,7642,1,1,240,256,56,0,56,0,1,176000
cc_kernel_cpu,4547,0,1,1,48,0,0,0,0,1,177000
cc_kernel_gpu_mem,12881,1,1,240,256,2832056,0,56,2832000,1,177000
cc_kernel_gpu,7825,1,1,240,256,56,0,56,0,1,177000
cc_kernel_cpu,1022,0,1,1,48,0,0,0,0,1,178000
cc_kernel_gpu_mem,18322,1,1,240,256,2848056,0,56,2848000,1,178000
cc_kernel_gpu,7643,1,1,240,256,56,0,56,0,1,178000
cc_kernel_cpu,366,0,1,1,48,0,0,0,0,1,179000
cc_kernel_gpu_mem,11062,1,1,240,256,2864056,0,56,2864000,1,179000
cc_kernel_gpu,2505,1,1,240,256,56,0,56,0,1,179000
cc_kernel_cpu,9560,0,1,1,48,0,0,0,0,1,180000
cc_kernel_gpu_mem,21688,1,1,240,256,2880056,0,56,2880000,1,180000
cc_kernel_gpu,2557,1,1,240,256,56,0,56,0,1,180000
cc_kernel_cpu,16487,0,1,1,48,0,0,0,0,1,18000
cc_kernel_gpu_mem,3754,1,1,71,256,288056,0,56,288000,1,18000
cc_kernel_gpu,2203,1,1,71,256,56,0,56,0,1,18000
cc_kernel_cpu,2138,0,1,1,48,0,0,0,0,1,181000
cc_kernel_gpu_mem,11402,1,1,240,256,2896056,0,56,2896000,1,181000
cc_kernel_gpu,2518,1,1,240,256,56,0,56,0,1,181000
cc_kernel_cpu,2974,0,1,1,48,0,0,0,0,1,182000
cc_kernel_gpu_mem,19028,1,1,240,256,2912056,0,56,2912000,1,182000
cc_kernel_gpu,7807,1,1,240,256,56,0,56,0,1,182000
cc_kernel_cpu,5069,0,1,1,48,0,0,0,0,1,183000
cc_kernel_gpu_mem,17192,1,1,240,256,2928056,0,56,2928000,1,183000
cc_kernel_gpu,5807,1,1,240,256,56,0,56,0,1,183000
cc_kernel_cpu,11236,0,1,1,48,0,0,0,0,1,184000
cc_kernel_gpu_mem,16775,1,1,240,256,2944056,0,56,2944000,1,184000
cc_kernel_gpu,8031,1,1,240,256,56,0,56,0,1,184000
cc_kernel_cpu,7304,0,1,1,48,0,0,0,0,1,185000
cc_kernel_gpu_mem,12987,1,1,240,256,2960056,0,56,2960000,1,185000
cc_kernel_gpu,7209,1,1,240,256,56,0,56,0,1,185000
cc_kernel_cpu,1580,0,1,1,48,0,0,0,0,1,186000
cc_kernel_gpu_mem,18783,1,1,240,256,2976056,0,56,2976000,1,186000
cc_kernel_gpu,7858,1,1,240,256,56,0,56,0,1,186000
cc_kernel_cpu,5199,0,1,1,48,0,0,0,0,1,187000
cc_kernel_gpu_mem,7351,1,1,240,256,2992056,0,56,2992000,1,187000
cc_kernel_gpu,2490,1,1,240,256,56,0,56,0,1,187000
cc_kernel_cpu,736,0,1,1,48,0,0,0,0,1,188000
cc_kernel_gpu_mem,11061,1,1,240,256,3008056,0,56,3008000,1,188000
cc_kernel_gpu,3051,1,1,240,256,56,0,56,0,1,188000
cc_kernel_cpu,2671,0,1,1,48,0,0,0,0,1,189000
cc_kernel_gpu_mem,19406,1,1,240,256,3024056,0,56,3024000,1,189000
cc_kernel_gpu,7651,1,1,240,256,56,0,56,0,1,189000
cc_kernel_cpu,1902,0,1,1,48,0,0,0,0,1,190000
cc_kernel_gpu_mem,17868,1,1,240,256,3040056,0,56,3040000,1,190000
cc_kernel_gpu,7621,1,1,240,256,56,0,56,0,1,190000
cc_kernel_cpu,3563,0,1,1,48,0,0,0,0,1,19000
cc_kernel_gpu_mem,6613,1,1,75,256,304056,0,56,304000,1,19000
cc_kernel_gpu,5226,1,1,75,256,56,0,56,0,1,19000
cc_kernel_cpu,23533,0,1,1,48,0,0,0,0,1,191000
cc_kernel_gpu_mem,24708,1,1,240,256,3056056,0,56,3056000,1,191000
cc_kernel_gpu,5344,1,1,240,256,56,0,56,0,1,191000
cc_kernel_cpu,363,0,1,1,48,0,0,0,0,1,192000
cc_kernel_gpu_mem,7332,1,1,240,256,3072056,0,56,3072000,1,192000
cc_kernel_gpu,2518,1,1,240,256,56,0,56,0,1,192000
cc_kernel_cpu,491,0,1,1,48,0,0,0,0,1,193000
cc_kernel_gpu_mem,7198,1,1,240,256,3088056,0,56,3088000,1,193000
cc_kernel_gpu,3790,1,1,240,256,56,0,56,0,1,193000
cc_kernel_cpu,2228,0,1,1,48,0,0,0,0,1,194000
cc_kernel_gpu_mem,11166,1,1,240,256,3104056,0,56,3104000,1,194000
cc_kernel_gpu,7715,1,1,240,256,56,0,56,0,1,194000
cc_kernel_cpu,2398,0,1,1,48,0,0,0,0,1,195000
cc_kernel_gpu_mem,18359,1,1,240,256,3120056,0,56,3120000,1,195000
cc_kernel_gpu,7836,1,1,240,256,56,0,56,0,1,195000
cc_kernel_cpu,547,0,1,1,48,0,0,0,0,1,196000
cc_kernel_gpu_mem,11259,1,1,240,256,3136056,0,56,3136000,1,196000
cc_kernel_gpu,2527,1,1,240,256,56,0,56,0,1,196000
cc_kernel_cpu,991,0,1,1,48,0,0,0,0,1,197000
cc_kernel_gpu_mem,19171,1,1,240,256,3152056,0,56,3152000,1,197000
cc_kernel_gpu,7754,1,1,240,256,56,0,56,0,1,197000
cc_kernel_cpu,1518,0,1,1,48,0,0,0,0,1,198000
cc_kernel_gpu_mem,29436,1,1,240,256,3168056,0,56,3168000,1,198000
cc_kernel_gpu,5902,1,1,240,256,56,0,56,0,1,198000
cc_kernel_cpu,4100,0,1,1,48,0,0,0,0,1,199000
cc_kernel_gpu_mem,13842,1,1,240,256,3184056,0,56,3184000,1,199000
cc_kernel_gpu,9844,1,1,240,256,56,0,56,0,1,199000
cc_kernel_cpu,21830,0,1,1,48,0,0,0,0,1,200000
cc_kernel_gpu_mem,11671,1,1,240,256,3200056,0,56,3200000,1,200000
cc_kernel_gpu,2538,1,1,240,256,56,0,56,0,1,200000
cc_kernel_cpu,4995,0,1,1,48,0,0,0,0,1,20000
cc_kernel_gpu_mem,3701,1,1,79,256,320056,0,56,320000,1,20000
cc_kernel_gpu,2142,1,1,79,256,56,0,56,0,1,20000
cc_kernel_cpu,3965,0,1,1,48,0,0,0,0,1,2000
cc_kernel_gpu_mem,6562,1,1,8,256,32056,0,56,32000,1,2000
cc_kernel_gpu,5346,1,1,8,256,56,0,56,0,1,2000
cc_kernel_cpu,1162,0,1,1,48,0,0,0,0,1,201000
cc_kernel_gpu_mem,12667,1,1,240,256,3216056,0,56,3216000,1,201000
cc_kernel_gpu,7616,1,1,240,256,56,0,56,0,1,201000
cc_kernel_cpu,2955,0,1,1,48,0,0,0,0,1,202000
cc_kernel_gpu_mem,17831,1,1,240,256,3232056,0,56,3232000,1,202000
cc_kernel_gpu,7722,1,1,240,256,56,0,56,0,1,202000
cc_kernel_cpu,11102,0,1,1,48,0,0,0,0,1,203000
cc_kernel_gpu_mem,16555,1,1,240,256,3248056,0,56,3248000,1,203000
cc_kernel_gpu,7669,1,1,240,256,56,0,56,0,1,203000
cc_kernel_cpu,9145,0,1,1,48,0,0,0,0,1,204000
cc_kernel_gpu_mem,22877,1,1,240,256,3264056,0,56,3264000,1,204000
cc_kernel_gpu,15534,1,1,240,256,56,0,56,0,1,204000
cc_kernel_cpu,9555,0,1,1,48,0,0,0,0,1,205000
cc_kernel_gpu_mem,19019,1,1,240,256,3280056,0,56,3280000,1,205000
cc_kernel_gpu,7712,1,1,240,256,56,0,56,0,1,205000
cc_kernel_cpu,12967,0,1,1,48,0,0,0,0,1,206000
cc_kernel_gpu_mem,7984,1,1,240,256,3296056,0,56,3296000,1,206000
cc_kernel_gpu,2522,1,1,240,256,56,0,56,0,1,206000
cc_kernel_cpu,6083,0,1,1,48,0,0,0,0,1,207000
cc_kernel_gpu_mem,11405,1,1,240,256,3312056,0,56,3312000,1,207000
cc_kernel_gpu,2538,1,1,240,256,56,0,56,0,1,207000
cc_kernel_cpu,12604,0,1,1,48,0,0,0,0,1,208000
cc_kernel_gpu_mem,16673,1,1,240,256,3328056,0,56,3328000,1,208000
cc_kernel_gpu,3657,1,1,240,256,56,0,56,0,1,208000
cc_kernel_cpu,5488,0,1,1,48,0,0,0,0,1,209000
cc_kernel_gpu_mem,27315,1,1,240,256,3344056,0,56,3344000,1,209000
cc_kernel_gpu,2504,1,1,240,256,56,0,56,0,1,209000
cc_kernel_cpu,5012,0,1,1,48,0,0,0,0,1,210000
cc_kernel_gpu_mem,27322,1,1,240,256,3360056,0,56,3360000,1,210000
cc_kernel_gpu,6875,1,1,240,256,56,0,56,0,1,210000
cc_kernel_cpu,4932,0,1,1,48,0,0,0,0,1,21000
cc_kernel_gpu_mem,6472,1,1,83,256,336056,0,56,336000,1,21000
cc_kernel_gpu,5248,1,1,83,256,56,0,56,0,1,21000
cc_kernel_cpu,3981,0,1,1,48,0,0,0,0,1,211000
cc_kernel_gpu_mem,7083,1,1,240,256,3376056,0,56,3376000,1,211000
cc_kernel_gpu,2314,1,1,240,256,56,0,56,0,1,211000
cc_kernel_cpu,4876,0,1,1,48,0,0,0,0,1,212000
cc_kernel_gpu_mem,8632,1,1,240,256,3392056,0,56,3392000,1,212000
cc_kernel_gpu,2333,1,1,240,256,56,0,56,0,1,212000
cc_kernel_cpu,411,0,1,1,48,0,0,0,0,1,213000
cc_kernel_gpu_mem,7218,1,1,240,256,3408056,0,56,3408000,1,213000
cc_kernel_gpu,2496,1,1,240,256,56,0,56,0,1,213000
cc_kernel_cpu,346,0,1,1,48,0,0,0,0,1,214000
cc_kernel_gpu_mem,7440,1,1,240,256,3424056,0,56,3424000,1,214000
cc_kernel_gpu,2495,1,1,240,256,56,0,56,0,1,214000
cc_kernel_cpu,7055,0,1,1,48,0,0,0,0,1,215000
cc_kernel_gpu_mem,16794,1,1,240,256,3440056,0,56,3440000,1,215000
cc_kernel_gpu,6605,1,1,240,256,56,0,56,0,1,215000
cc_kernel_cpu,41827,0,1,1,48,0,0,0,0,1,216000
cc_kernel_gpu_mem,11177,1,1,240,256,3456056,0,56,3456000,1,216000
cc_kernel_gpu,2381,1,1,240,256,56,0,56,0,1,216000
cc_kernel_cpu,4907,0,1,1,48,0,0,0,0,1,217000
cc_kernel_gpu_mem,18915,1,1,240,256,3472056,0,56,3472000,1,217000
cc_kernel_gpu,7670,1,1,240,256,56,0,56,0,1,217000
cc_kernel_cpu,12913,0,1,1,48,0,0,0,0,1,218000
cc_kernel_gpu_mem,16631,1,1,240,256,3488056,0,56,3488000,1,218000
cc_kernel_gpu,10014,1,1,240,256,56,0,56,0,1,218000
cc_kernel_cpu,3868,0,1,1,48,0,0,0,0,1,219000
cc_kernel_gpu_mem,19633,1,1,240,256,3504056,0,56,3504000,1,219000
cc_kernel_gpu,8510,1,1,240,256,56,0,56,0,1,219000
cc_kernel_cpu,1473,0,1,1,48,0,0,0,0,1,220000
cc_kernel_gpu_mem,19037,1,1,240,256,3520056,0,56,3520000,1,220000
cc_kernel_gpu,7781,1,1,240,256,56,0,56,0,1,220000
cc_kernel_cpu,5681,0,1,1,48,0,0,0,0,1,22000
cc_kernel_gpu_mem,6708,1,1,86,256,352056,0,56,352000,1,22000
cc_kernel_gpu,7925,1,1,86,256,56,0,56,0,1,22000
cc_kernel_cpu,5835,0,1,1,48,0,0,0,0,1,221000
cc_kernel_gpu_mem,19068,1,1,240,256,3536056,0,56,3536000,1,221000
cc_kernel_gpu,13803,1,1,240,256,56,0,56,0,1,221000
cc_kernel_cpu,4811,0,1,1,48,0,0,0,0,1,222000
cc_kernel_gpu_mem,16967,1,1,240,256,3552056,0,56,3552000,1,222000
cc_kernel_gpu,9342,1,1,240,256,56,0,56,0,1,222000
cc_kernel_cpu,446,0,1,1,48,0,0,0,0,1,223000
cc_kernel_gpu_mem,7245,1,1,240,256,3568056,0,56,3568000,1,223000
cc_kernel_gpu,2465,1,1,240,256,56,0,56,0,1,223000
cc_kernel_cpu,5573,0,1,1,48,0,0,0,0,1,224000
cc_kernel_gpu_mem,17753,1,1,240,256,3584056,0,56,3584000,1,224000
cc_kernel_gpu,7934,1,1,240,256,56,0,56,0,1,224000
cc_kernel_cpu,352,0,1,1,48,0,0,0,0,1,225000
cc_kernel_gpu_mem,11906,1,1,240,256,3600056,0,56,3600000,1,225000
cc_kernel_gpu,2469,1,1,240,256,56,0,56,0,1,225000
cc_kernel_cpu,408,0,1,1,48,0,0,0,0,1,226000
cc_kernel_gpu_mem,11968,1,1,240,256,3616056,0,56,3616000,1,226000
cc_kernel_gpu,2554,1,1,240,256,56,0,56,0,1,226000
cc_kernel_cpu,6314,0,1,1,48,0,0,0,0,1,227000
cc_kernel_gpu_mem,12805,1,1,240,256,3632056,0,56,3632000,1,227000
cc_kernel_gpu,7706,1,1,240,256,56,0,56,0,1,227000
cc_kernel_cpu,875,0,1,1,48,0,0,0,0,1,228000
cc_kernel_gpu_mem,18673,1,1,240,256,3648056,0,56,3648000,1,228000
cc_kernel_gpu,7845,1,1,240,256,56,0,56,0,1,228000
cc_kernel_cpu,500,0,1,1,48,0,0,0,0,1,229000
cc_kernel_gpu_mem,23082,1,1,240,256,3664056,0,56,3664000,1,229000
cc_kernel_gpu,7872,1,1,240,256,56,0,56,0,1,229000
cc_kernel_cpu,412,0,1,1,48,0,0,0,0,1,230000
cc_kernel_gpu_mem,18748,1,1,240,256,3680056,0,56,3680000,1,230000
cc_kernel_gpu,7576,1,1,240,256,56,0,56,0,1,230000
cc_kernel_cpu,766,0,1,1,48,0,0,0,0,1,23000
cc_kernel_gpu_mem,3822,1,1,90,256,368056,0,56,368000,1,23000
cc_kernel_gpu,7705,1,1,90,256,56,0,56,0,1,23000
cc_kernel_cpu,7948,0,1,1,48,0,0,0,0,1,231000
cc_kernel_gpu_mem,26412,1,1,240,256,3696056,0,56,3696000,1,231000
cc_kernel_gpu,2386,1,1,240,256,56,0,56,0,1,231000
cc_kernel_cpu,5146,0,1,1,48,0,0,0,0,1,232000
cc_kernel_gpu_mem,12210,1,1,240,256,3712056,0,56,3712000,1,232000
cc_kernel_gpu,7670,1,1,240,256,56,0,56,0,1,232000
cc_kernel_cpu,2267,0,1,1,48,0,0,0,0,1,233000
cc_kernel_gpu_mem,13404,1,1,240,256,3728056,0,56,3728000,1,233000
cc_kernel_gpu,7002,1,1,240,256,56,0,56,0,1,233000
cc_kernel_cpu,4745,0,1,1,48,0,0,0,0,1,234000
cc_kernel_gpu_mem,13195,1,1,240,256,3744056,0,56,3744000,1,234000
cc_kernel_gpu,7840,1,1,240,256,56,0,56,0,1,234000
cc_kernel_cpu,555,0,1,1,48,0,0,0,0,1,235000
cc_kernel_gpu_mem,14274,1,1,240,256,3760056,0,56,3760000,1,235000
cc_kernel_gpu,9003,1,1,240,256,56,0,56,0,1,235000
cc_kernel_cpu,3225,0,1,1,48,0,0,0,0,1,236000
cc_kernel_gpu_mem,7374,1,1,240,256,3776056,0,56,3776000,1,236000
cc_kernel_gpu,2512,1,1,240,256,56,0,56,0,1,236000
cc_kernel_cpu,5623,0,1,1,48,0,0,0,0,1,237000
cc_kernel_gpu_mem,12694,1,1,240,256,3792056,0,56,3792000,1,237000
cc_kernel_gpu,7969,1,1,240,256,56,0,56,0,1,237000
cc_kernel_cpu,5637,0,1,1,48,0,0,0,0,1,238000
cc_kernel_gpu_mem,12165,1,1,240,256,3808056,0,56,3808000,1,238000
cc_kernel_gpu,7634,1,1,240,256,56,0,56,0,1,238000
cc_kernel_cpu,7341,0,1,1,48,0,0,0,0,1,239000
cc_kernel_gpu_mem,18884,1,1,240,256,3824056,0,56,3824000,1,239000
cc_kernel_gpu,7676,1,1,240,256,56,0,56,0,1,239000
cc_kernel_cpu,3213,0,1,1,48,0,0,0,0,1,240000
cc_kernel_gpu_mem,17587,1,1,240,256,3840056,0,56,3840000,1,240000
cc_kernel_gpu,15303,1,1,240,256,56,0,56,0,1,240000
cc_kernel_cpu,902,0,1,1,48,0,0,0,0,1,24000
cc_kernel_gpu_mem,6647,1,1,94,256,384056,0,56,384000,1,24000
cc_kernel_gpu,5115,1,1,94,256,56,0,56,0,1,24000
cc_kernel_cpu,12472,0,1,1,48,0,0,0,0,1,241000
cc_kernel_gpu_mem,19328,1,1,240,256,3856056,0,56,3856000,1,241000
cc_kernel_gpu,8047,1,1,240,256,56,0,56,0,1,241000
cc_kernel_cpu,15861,0,1,1,48,0,0,0,0,1,242000
cc_kernel_gpu_mem,7241,1,1,240,256,3872056,0,56,3872000,1,242000
cc_kernel_gpu,2476,1,1,240,256,56,0,56,0,1,242000
cc_kernel_cpu,795,0,1,1,48,0,0,0,0,1,243000
cc_kernel_gpu_mem,11732,1,1,240,256,3888056,0,56,3888000,1,243000
cc_kernel_gpu,9202,1,1,240,256,56,0,56,0,1,243000
cc_kernel_cpu,1796,0,1,1,48,0,0,0,0,1,244000
cc_kernel_gpu_mem,12442,1,1,240,256,3904056,0,56,3904000,1,244000
cc_kernel_gpu,7490,1,1,240,256,56,0,56,0,1,244000
cc_kernel_cpu,20786,0,1,1,48,0,0,0,0,1,245000
cc_kernel_gpu_mem,12750,1,1,240,256,3920056,0,56,3920000,1,245000
cc_kernel_gpu,7369,1,1,240,256,56,0,56,0,1,245000
cc_kernel_cpu,4220,0,1,1,48,0,0,0,0,1,246000
cc_kernel_gpu_mem,19287,1,1,240,256,3936056,0,56,3936000,1,246000
cc_kernel_gpu,9438,1,1,240,256,56,0,56,0,1,246000
cc_kernel_cpu,3340,0,1,1,48,0,0,0,0,1,247000
cc_kernel_gpu_mem,19502,1,1,240,256,3952056,0,56,3952000,1,247000
cc_kernel_gpu,6955,1,1,240,256,56,0,56,0,1,247000
cc_kernel_cpu,458,0,1,1,48,0,0,0,0,1,248000
cc_kernel_gpu_mem,7123,1,1,240,256,3968056,0,56,3968000,1,248000
cc_kernel_gpu,12775,1,1,240,256,56,0,56,0,1,248000
cc_kernel_cpu,2203,0,1,1,48,0,0,0,0,1,249000
cc_kernel_gpu_mem,18679,1,1,240,256,3984056,0,56,3984000,1,249000
cc_kernel_gpu,7766,1,1,240,256,56,0,56,0,1,249000
cc_kernel_cpu,377,0,1,1,48,0,0,0,0,1,250000
cc_kernel_gpu_mem,7143,1,1,240,256,4000056,0,56,4000000,1,250000
cc_kernel_gpu,3055,1,1,240,256,56,0,56,0,1,250000
cc_kernel_cpu,3214,0,1,1,48,0,0,0,0,1,25000
cc_kernel_gpu_mem,3617,1,1,98,256,400056,0,56,400000,1,25000
cc_kernel_gpu,2543,1,1,98,256,56,0,56,0,1,25000
cc_kernel_cpu,8412,0,1,1,48,0,0,0,0,1,251000
cc_kernel_gpu_mem,18891,1,1,240,256,4016056,0,56,4016000,1,251000
cc_kernel_gpu,7832,1,1,240,256,56,0,56,0,1,251000
cc_kernel_cpu,2670,0,1,1,48,0,0,0,0,1,252000
cc_kernel_gpu_mem,14894,1,1,240,256,4032056,0,56,4032000,1,252000
cc_kernel_gpu,7873,1,1,240,256,56,0,56,0,1,252000
cc_kernel_cpu,1770,0,1,1,48,0,0,0,0,1,253000
cc_kernel_gpu_mem,18743,1,1,240,256,4048056,0,56,4048000,1,253000
cc_kernel_gpu,7802,1,1,240,256,56,0,56,0,1,253000
cc_kernel_cpu,13236,0,1,1,48,0,0,0,0,1,254000
cc_kernel_gpu_mem,17210,1,1,240,256,4064056,0,56,4064000,1,254000
cc_kernel_gpu,4307,1,1,240,256,56,0,56,0,1,254000
cc_kernel_cpu,3507,0,1,1,48,0,0,0,0,1,255000
cc_kernel_gpu_mem,11153,1,1,240,256,4080056,0,56,4080000,1,255000
cc_kernel_gpu,2534,1,1,240,256,56,0,56,0,1,255000
cc_kernel_cpu,9200,0,1,1,48,0,0,0,0,1,256000
cc_kernel_gpu_mem,27275,1,1,240,256,4096056,0,56,4096000,1,256000
cc_kernel_gpu,2554,1,1,240,256,56,0,56,0,1,256000
cc_kernel_cpu,780,0,1,1,48,0,0,0,0,1,257000
cc_kernel_gpu_mem,11442,1,1,240,256,4112056,0,56,4112000,1,257000
cc_kernel_gpu,2506,1,1,240,256,56,0,56,0,1,257000
cc_kernel_cpu,5435,0,1,1,48,0,0,0,0,1,258000
cc_kernel_gpu_mem,11733,1,1,240,256,4128056,0,56,4128000,1,258000
cc_kernel_gpu,7886,1,1,240,256,56,0,56,0,1,258000
cc_kernel_cpu,8592,0,1,1,48,0,0,0,0,1,259000
cc_kernel_gpu_mem,10812,1,1,240,256,4144056,0,56,4144000,1,259000
cc_kernel_gpu,2387,1,1,240,256,56,0,56,0,1,259000
cc_kernel_cpu,343,0,1,1,48,0,0,0,0,1,260000
cc_kernel_gpu_mem,7328,1,1,240,256,4160056,0,56,4160000,1,260000
cc_kernel_gpu,6857,1,1,240,256,56,0,56,0,1,260000
cc_kernel_cpu,14235,0,1,1,48,0,0,0,0,1,26000
cc_kernel_gpu_mem,10185,1,1,102,256,416056,0,56,416000,1,26000
cc_kernel_gpu,11594,1,1,102,256,56,0,56,0,1,26000
cc_kernel_cpu,1028,0,1,1,48,0,0,0,0,1,261000
cc_kernel_gpu_mem,18607,1,1,240,256,4176056,0,56,4176000,1,261000
cc_kernel_gpu,7968,1,1,240,256,56,0,56,0,1,261000
cc_kernel_cpu,2147,0,1,1,48,0,0,0,0,1,262000
cc_kernel_gpu_mem,17513,1,1,240,256,4192056,0,56,4192000,1,262000
cc_kernel_gpu,5731,1,1,240,256,56,0,56,0,1,262000
cc_kernel_cpu,8093,0,1,1,48,0,0,0,0,1,263000
cc_kernel_gpu_mem,17148,1,1,240,256,4208056,0,56,4208000,1,263000
cc_kernel_gpu,5915,1,1,240,256,56,0,56,0,1,263000
cc_kernel_cpu,3304,0,1,1,48,0,0,0,0,1,264000
cc_kernel_gpu_mem,17784,1,1,240,256,4224056,0,56,4224000,1,264000
cc_kernel_gpu,5498,1,1,240,256,56,0,56,0,1,264000
cc_kernel_cpu,1612,0,1,1,48,0,0,0,0,1,265000
cc_kernel_gpu_mem,17487,1,1,240,256,4240056,0,56,4240000,1,265000
cc_kernel_gpu,6105,1,1,240,256,56,0,56,0,1,265000
cc_kernel_cpu,5429,0,1,1,48,0,0,0,0,1,266000
cc_kernel_gpu_mem,10756,1,1,240,256,4256056,0,56,4256000,1,266000
cc_kernel_gpu,2499,1,1,240,256,56,0,56,0,1,266000
cc_kernel_cpu,7815,0,1,1,48,0,0,0,0,1,267000
cc_kernel_gpu_mem,16918,1,1,240,256,4272056,0,56,4272000,1,267000
cc_kernel_gpu,5768,1,1,240,256,56,0,56,0,1,267000
cc_kernel_cpu,427,0,1,1,48,0,0,0,0,1,268000
cc_kernel_gpu_mem,9269,1,1,240,256,4288056,0,56,4288000,1,268000
cc_kernel_gpu,8462,1,1,240,256,56,0,56,0,1,268000
cc_kernel_cpu,1970,0,1,1,48,0,0,0,0,1,269000
cc_kernel_gpu_mem,9020,1,1,240,256,4304056,0,56,4304000,1,269000
cc_kernel_gpu,2390,1,1,240,256,56,0,56,0,1,269000
cc_kernel_cpu,761,0,1,1,48,0,0,0,0,1,270000
cc_kernel_gpu_mem,16326,1,1,240,256,4320056,0,56,4320000,1,270000
cc_kernel_gpu,5741,1,1,240,256,56,0,56,0,1,270000
cc_kernel_cpu,8042,0,1,1,48,0,0,0,0,1,27000
cc_kernel_gpu_mem,6478,1,1,106,256,432056,0,56,432000,1,27000
cc_kernel_gpu,5023,1,1,106,256,56,0,56,0,1,27000
cc_kernel_cpu,3145,0,1,1,48,0,0,0,0,1,271000
cc_kernel_gpu_mem,18223,1,1,240,256,4336056,0,56,4336000,1,271000
cc_kernel_gpu,6282,1,1,240,256,56,0,56,0,1,271000
cc_kernel_cpu,4656,0,1,1,48,0,0,0,0,1,272000
cc_kernel_gpu_mem,25919,1,1,240,256,4352056,0,56,4352000,1,272000
cc_kernel_gpu,9912,1,1,240,256,56,0,56,0,1,272000
cc_kernel_cpu,11286,0,1,1,48,0,0,0,0,1,273000
cc_kernel_gpu_mem,9375,1,1,240,256,4368056,0,56,4368000,1,273000
cc_kernel_gpu,2401,1,1,240,256,56,0,56,0,1,273000
cc_kernel_cpu,40958,0,1,1,48,0,0,0,0,1,274000
cc_kernel_gpu_mem,14212,1,1,240,256,4384056,0,56,4384000,1,274000
cc_kernel_gpu,5487,1,1,240,256,56,0,56,0,1,274000
cc_kernel_cpu,1167,0,1,1,48,0,0,0,0,1,275000
cc_kernel_gpu_mem,18680,1,1,240,256,4400056,0,56,4400000,1,275000
cc_kernel_gpu,5832,1,1,240,256,56,0,56,0,1,275000
cc_kernel_cpu,591,0,1,1,48,0,0,0,0,1,276000
cc_kernel_gpu_mem,10191,1,1,240,256,4416056,0,56,4416000,1,276000
cc_kernel_gpu,2463,1,1,240,256,56,0,56,0,1,276000
cc_kernel_cpu,1505,0,1,1,48,0,0,0,0,1,277000
cc_kernel_gpu_mem,17261,1,1,240,256,4432056,0,56,4432000,1,277000
cc_kernel_gpu,6126,1,1,240,256,56,0,56,0,1,277000
cc_kernel_cpu,6084,0,1,1,48,0,0,0,0,1,278000
cc_kernel_gpu_mem,10311,1,1,240,256,4448056,0,56,4448000,1,278000
cc_kernel_gpu,2461,1,1,240,256,56,0,56,0,1,278000
cc_kernel_cpu,1932,0,1,1,48,0,0,0,0,1,279000
cc_kernel_gpu_mem,19406,1,1,240,256,4464056,0,56,4464000,1,279000
cc_kernel_gpu,2535,1,1,240,256,56,0,56,0,1,279000
cc_kernel_cpu,2563,0,1,1,48,0,0,0,0,1,280000
cc_kernel_gpu_mem,17592,1,1,240,256,4480056,0,56,4480000,1,280000
cc_kernel_gpu,5853,1,1,240,256,56,0,56,0,1,280000
cc_kernel_cpu,698,0,1,1,48,0,0,0,0,1,28000
cc_kernel_gpu_mem,6212,1,1,110,256,448056,0,56,448000,1,28000
cc_kernel_gpu,8678,1,1,110,256,56,0,56,0,1,28000
cc_kernel_cpu,6326,0,1,1,48,0,0,0,0,1,281000
cc_kernel_gpu_mem,26393,1,1,240,256,4496056,0,56,4496000,1,281000
cc_kernel_gpu,10375,1,1,240,256,56,0,56,0,1,281000
cc_kernel_cpu,2106,0,1,1,48,0,0,0,0,1,282000
cc_kernel_gpu_mem,10897,1,1,240,256,4512056,0,56,4512000,1,282000
cc_kernel_gpu,5401,1,1,240,256,56,0,56,0,1,282000
cc_kernel_cpu,543,0,1,1,48,0,0,0,0,1,283000
cc_kernel_gpu_mem,9346,1,1,240,256,4528056,0,56,4528000,1,283000
cc_kernel_gpu,2525,1,1,240,256,56,0,56,0,1,283000
cc_kernel_cpu,2517,0,1,1,48,0,0,0,0,1,284000
cc_kernel_gpu_mem,17064,1,1,240,256,4544056,0,56,4544000,1,284000
cc_kernel_gpu,5748,1,1,240,256,56,0,56,0,1,284000
cc_kernel_cpu,4684,0,1,1,48,0,0,0,0,1,285000
cc_kernel_gpu_mem,17637,1,1,240,256,4560056,0,56,4560000,1,285000
cc_kernel_gpu,5900,1,1,240,256,56,0,56,0,1,285000
cc_kernel_cpu,530,0,1,1,48,0,0,0,0,1,286000
cc_kernel_gpu_mem,11604,1,1,240,256,4576056,0,56,4576000,1,286000
cc_kernel_gpu,5895,1,1,240,256,56,0,56,0,1,286000
cc_kernel_cpu,4203,0,1,1,48,0,0,0,0,1,287000
cc_kernel_gpu_mem,17372,1,1,240,256,4592056,0,56,4592000,1,287000
cc_kernel_gpu,3080,1,1,240,256,56,0,56,0,1,287000
cc_kernel_cpu,3692,0,1,1,48,0,0,0,0,1,288000
cc_kernel_gpu_mem,9721,1,1,240,256,4608056,0,56,4608000,1,288000
cc_kernel_gpu,2528,1,1,240,256,56,0,56,0,1,288000
cc_kernel_cpu,4735,0,1,1,48,0,0,0,0,1,289000
cc_kernel_gpu_mem,17781,1,1,240,256,4624056,0,56,4624000,1,289000
cc_kernel_gpu,4985,1,1,240,256,56,0,56,0,1,289000
cc_kernel_cpu,3934,0,1,1,48,0,0,0,0,1,290000
cc_kernel_gpu_mem,18796,1,1,240,256,4640056,0,56,4640000,1,290000
cc_kernel_gpu,5878,1,1,240,256,56,0,56,0,1,290000
cc_kernel_cpu,2458,0,1,1,48,0,0,0,0,1,29000
cc_kernel_gpu_mem,6521,1,1,114,256,464056,0,56,464000,1,29000
cc_kernel_gpu,5294,1,1,114,256,56,0,56,0,1,29000
cc_kernel_cpu,1509,0,1,1,48,0,0,0,0,1,291000
cc_kernel_gpu_mem,17743,1,1,240,256,4656056,0,56,4656000,1,291000
cc_kernel_gpu,6077,1,1,240,256,56,0,56,0,1,291000
cc_kernel_cpu,541,0,1,1,48,0,0,0,0,1,292000
cc_kernel_gpu_mem,12150,1,1,240,256,4672056,0,56,4672000,1,292000
cc_kernel_gpu,5519,1,1,240,256,56,0,56,0,1,292000
cc_kernel_cpu,313,0,1,1,48,0,0,0,0,1,293000
cc_kernel_gpu_mem,5362,1,1,240,256,4688056,0,56,4688000,1,293000
cc_kernel_gpu,2464,1,1,240,256,56,0,56,0,1,293000
cc_kernel_cpu,4181,0,1,1,48,0,0,0,0,1,294000
cc_kernel_gpu_mem,17152,1,1,240,256,4704056,0,56,4704000,1,294000
cc_kernel_gpu,5912,1,1,240,256,56,0,56,0,1,294000
cc_kernel_cpu,10680,0,1,1,48,0,0,0,0,1,295000
cc_kernel_gpu_mem,16529,1,1,240,256,4720056,0,56,4720000,1,295000
cc_kernel_gpu,6461,1,1,240,256,56,0,56,0,1,295000
cc_kernel_cpu,495,0,1,1,48,0,0,0,0,1,296000
cc_kernel_gpu_mem,10125,1,1,240,256,4736056,0,56,4736000,1,296000
cc_kernel_gpu,5219,1,1,240,256,56,0,56,0,1,296000
cc_kernel_cpu,12232,0,1,1,48,0,0,0,0,1,297000
cc_kernel_gpu_mem,14978,1,1,240,256,4752056,0,56,4752000,1,297000
cc_kernel_gpu,5816,1,1,240,256,56,0,56,0,1,297000
cc_kernel_cpu,9583,0,1,1,48,0,0,0,0,1,298000
cc_kernel_gpu_mem,21847,1,1,240,256,4768056,0,56,4768000,1,298000
cc_kernel_gpu,2501,1,1,240,256,56,0,56,0,1,298000
cc_kernel_cpu,3949,0,1,1,48,0,0,0,0,1,299000
cc_kernel_gpu_mem,17688,1,1,240,256,4784056,0,56,4784000,1,299000
cc_kernel_gpu,5491,1,1,240,256,56,0,56,0,1,299000
cc_kernel_cpu,1315,0,1,1,48,0,0,0,0,1,300000
cc_kernel_gpu_mem,18374,1,1,240,256,4800056,0,56,4800000,1,300000
cc_kernel_gpu,5746,1,1,240,256,56,0,56,0,1,300000
cc_kernel_cpu,3906,0,1,1,48,0,0,0,0,1,30000
cc_kernel_gpu_mem,6774,1,1,118,256,480056,0,56,480000,1,30000
cc_kernel_gpu,3588,1,1,118,256,56,0,56,0,1,30000
cc_kernel_cpu,411,0,1,1,48,0,0,0,0,1,3000
cc_kernel_gpu_mem,6464,1,1,12,256,48056,0,56,48000,1,3000
cc_kernel_gpu,5323,1,1,12,256,56,0,56,0,1,3000
cc_kernel_cpu,6326,0,1,1,48,0,0,0,0,1,301000
cc_kernel_gpu_mem,26064,1,1,240,256,4816056,0,56,4816000,1,301000
cc_kernel_gpu,9688,1,1,240,256,56,0,56,0,1,301000
cc_kernel_cpu,2625,0,1,1,48,0,0,0,0,1,302000
cc_kernel_gpu_mem,17851,1,1,240,256,4832056,0,56,4832000,1,302000
cc_kernel_gpu,6096,1,1,240,256,56,0,56,0,1,302000
cc_kernel_cpu,3501,0,1,1,48,0,0,0,0,1,303000
cc_kernel_gpu_mem,18121,1,1,240,256,4848056,0,56,4848000,1,303000
cc_kernel_gpu,17401,1,1,240,256,56,0,56,0,1,303000
cc_kernel_cpu,450,0,1,1,48,0,0,0,0,1,304000
cc_kernel_gpu_mem,9490,1,1,240,256,4864056,0,56,4864000,1,304000
cc_kernel_gpu,2557,1,1,240,256,56,0,56,0,1,304000
cc_kernel_cpu,2477,0,1,1,48,0,0,0,0,1,305000
cc_kernel_gpu_mem,27544,1,1,240,256,4880056,0,56,4880000,1,305000
cc_kernel_gpu,10457,1,1,240,256,56,0,56,0,1,305000
cc_kernel_cpu,5021,0,1,1,48,0,0,0,0,1,306000
cc_kernel_gpu_mem,15001,1,1,240,256,4896056,0,56,4896000,1,306000
cc_kernel_gpu,2536,1,1,240,256,56,0,56,0,1,306000
cc_kernel_cpu,766,0,1,1,48,0,0,0,0,1,307000
cc_kernel_gpu_mem,9325,1,1,240,256,4912056,0,56,4912000,1,307000
cc_kernel_gpu,2388,1,1,240,256,56,0,56,0,1,307000
cc_kernel_cpu,502,0,1,1,48,0,0,0,0,1,308000
cc_kernel_gpu_mem,9598,1,1,240,256,4928056,0,56,4928000,1,308000
cc_kernel_gpu,2327,1,1,240,256,56,0,56,0,1,308000
cc_kernel_cpu,2598,0,1,1,48,0,0,0,0,1,309000
cc_kernel_gpu_mem,18133,1,1,240,256,4944056,0,56,4944000,1,309000
cc_kernel_gpu,5906,1,1,240,256,56,0,56,0,1,309000
cc_kernel_cpu,2120,0,1,1,48,0,0,0,0,1,310000
cc_kernel_gpu_mem,18607,1,1,240,256,4960056,0,56,4960000,1,310000
cc_kernel_gpu,6173,1,1,240,256,56,0,56,0,1,310000
cc_kernel_cpu,11788,0,1,1,48,0,0,0,0,1,31000
cc_kernel_gpu_mem,3799,1,1,122,256,496056,0,56,496000,1,31000
cc_kernel_gpu,2215,1,1,122,256,56,0,56,0,1,31000
cc_kernel_cpu,575,0,1,1,48,0,0,0,0,1,311000
cc_kernel_gpu_mem,15099,1,1,240,256,4976056,0,56,4976000,1,311000
cc_kernel_gpu,5998,1,1,240,256,56,0,56,0,1,311000
cc_kernel_cpu,5686,0,1,1,48,0,0,0,0,1,312000
cc_kernel_gpu_mem,17875,1,1,240,256,4992056,0,56,4992000,1,312000
cc_kernel_gpu,5917,1,1,240,256,56,0,56,0,1,312000
cc_kernel_cpu,3999,0,1,1,48,0,0,0,0,1,313000
cc_kernel_gpu_mem,17688,1,1,240,256,5008056,0,56,5008000,1,313000
cc_kernel_gpu,5981,1,1,240,256,56,0,56,0,1,313000
cc_kernel_cpu,507,0,1,1,48,0,0,0,0,1,314000
cc_kernel_gpu_mem,9919,1,1,240,256,5024056,0,56,5024000,1,314000
cc_kernel_gpu,2706,1,1,240,256,56,0,56,0,1,314000
cc_kernel_cpu,19061,0,1,1,48,0,0,0,0,1,315000
cc_kernel_gpu_mem,22715,1,1,240,256,5040056,0,56,5040000,1,315000
cc_kernel_gpu,10324,1,1,240,256,56,0,56,0,1,315000
cc_kernel_cpu,4664,0,1,1,48,0,0,0,0,1,316000
cc_kernel_gpu_mem,19103,1,1,240,256,5056056,0,56,5056000,1,316000
cc_kernel_gpu,6285,1,1,240,256,56,0,56,0,1,316000
cc_kernel_cpu,4696,0,1,1,48,0,0,0,0,1,317000
cc_kernel_gpu_mem,17933,1,1,240,256,5072056,0,56,5072000,1,317000
cc_kernel_gpu,6427,1,1,240,256,56,0,56,0,1,317000
cc_kernel_cpu,3656,0,1,1,48,0,0,0,0,1,318000
cc_kernel_gpu_mem,17478,1,1,240,256,5088056,0,56,5088000,1,318000
cc_kernel_gpu,6047,1,1,240,256,56,0,56,0,1,318000
cc_kernel_cpu,7115,0,1,1,48,0,0,0,0,1,319000
cc_kernel_gpu_mem,28963,1,1,240,256,5104056,0,56,5104000,1,319000
cc_kernel_gpu,5144,1,1,240,256,56,0,56,0,1,319000
cc_kernel_cpu,6040,0,1,1,48,0,0,0,0,1,320000
cc_kernel_gpu_mem,17820,1,1,240,256,5120056,0,56,5120000,1,320000
cc_kernel_gpu,6388,1,1,240,256,56,0,56,0,1,320000
cc_kernel_cpu,9851,0,1,1,48,0,0,0,0,1,32000
cc_kernel_gpu_mem,6303,1,1,125,256,512056,0,56,512000,1,32000
cc_kernel_gpu,4911,1,1,125,256,56,0,56,0,1,32000
cc_kernel_cpu,6795,0,1,1,48,0,0,0,0,1,321000
cc_kernel_gpu_mem,18705,1,1,240,256,5136056,0,56,5136000,1,321000
cc_kernel_gpu,6191,1,1,240,256,56,0,56,0,1,321000
cc_kernel_cpu,2464,0,1,1,48,0,0,0,0,1,322000
cc_kernel_gpu_mem,9072,1,1,240,256,5152056,0,56,5152000,1,322000
cc_kernel_gpu,2486,1,1,240,256,56,0,56,0,1,322000
cc_kernel_cpu,5143,0,1,1,48,0,0,0,0,1,323000
cc_kernel_gpu_mem,20129,1,1,240,256,5168056,0,56,5168000,1,323000
cc_kernel_gpu,2583,1,1,240,256,56,0,56,0,1,323000
cc_kernel_cpu,502,0,1,1,48,0,0,0,0,1,324000
cc_kernel_gpu_mem,9526,1,1,240,256,5184056,0,56,5184000,1,324000
cc_kernel_gpu,2483,1,1,240,256,56,0,56,0,1,324000
cc_kernel_cpu,7428,0,1,1,48,0,0,0,0,1,325000
cc_kernel_gpu_mem,17712,1,1,240,256,5200056,0,56,5200000,1,325000
cc_kernel_gpu,5644,1,1,240,256,56,0,56,0,1,325000
cc_kernel_cpu,10454,0,1,1,48,0,0,0,0,1,326000
cc_kernel_gpu_mem,21375,1,1,240,256,5216056,0,56,5216000,1,326000
cc_kernel_gpu,5569,1,1,240,256,56,0,56,0,1,326000
cc_kernel_cpu,5611,0,1,1,48,0,0,0,0,1,327000
cc_kernel_gpu_mem,18668,1,1,240,256,5232056,0,56,5232000,1,327000
cc_kernel_gpu,6560,1,1,240,256,56,0,56,0,1,327000
cc_kernel_cpu,4476,0,1,1,48,0,0,0,0,1,328000
cc_kernel_gpu_mem,9947,1,1,240,256,5248056,0,56,5248000,1,328000
cc_kernel_gpu,2514,1,1,240,256,56,0,56,0,1,328000
cc_kernel_cpu,2508,0,1,1,48,0,0,0,0,1,329000
cc_kernel_gpu_mem,24733,1,1,240,256,5264056,0,56,5264000,1,329000
cc_kernel_gpu,2419,1,1,240,256,56,0,56,0,1,329000
cc_kernel_cpu,550,0,1,1,48,0,0,0,0,1,330000
cc_kernel_gpu_mem,9739,1,1,240,256,5280056,0,56,5280000,1,330000
cc_kernel_gpu,5351,1,1,240,256,56,0,56,0,1,330000
cc_kernel_cpu,2711,0,1,1,48,0,0,0,0,1,33000
cc_kernel_gpu_mem,3985,1,1,129,256,528056,0,56,528000,1,33000
cc_kernel_gpu,2266,1,1,129,256,56,0,56,0,1,33000
cc_kernel_cpu,9416,0,1,1,48,0,0,0,0,1,331000
cc_kernel_gpu_mem,17656,1,1,240,256,5296056,0,56,5296000,1,331000
cc_kernel_gpu,5902,1,1,240,256,56,0,56,0,1,331000
cc_kernel_cpu,15615,0,1,1,48,0,0,0,0,1,332000
cc_kernel_gpu_mem,20230,1,1,240,256,5312056,0,56,5312000,1,332000
cc_kernel_gpu,4160,1,1,240,256,56,0,56,0,1,332000
cc_kernel_cpu,2499,0,1,1,48,0,0,0,0,1,333000
cc_kernel_gpu_mem,27034,1,1,240,256,5328056,0,56,5328000,1,333000
cc_kernel_gpu,11170,1,1,240,256,56,0,56,0,1,333000
cc_kernel_cpu,1953,0,1,1,48,0,0,0,0,1,334000
cc_kernel_gpu_mem,17264,1,1,240,256,5344056,0,56,5344000,1,334000
cc_kernel_gpu,5955,1,1,240,256,56,0,56,0,1,334000
cc_kernel_cpu,633,0,1,1,48,0,0,0,0,1,335000
cc_kernel_gpu_mem,9095,1,1,240,256,5360056,0,56,5360000,1,335000
cc_kernel_gpu,2343,1,1,240,256,56,0,56,0,1,335000
cc_kernel_cpu,570,0,1,1,48,0,0,0,0,1,336000
cc_kernel_gpu_mem,19952,1,1,240,256,5376056,0,56,5376000,1,336000
cc_kernel_gpu,10390,1,1,240,256,56,0,56,0,1,336000
cc_kernel_cpu,8952,0,1,1,48,0,0,0,0,1,337000
cc_kernel_gpu_mem,18102,1,1,240,256,5392056,0,56,5392000,1,337000
cc_kernel_gpu,5120,1,1,240,256,56,0,56,0,1,337000
cc_kernel_cpu,6878,0,1,1,48,0,0,0,0,1,338000
cc_kernel_gpu_mem,19182,1,1,240,256,5408056,0,56,5408000,1,338000
cc_kernel_gpu,6616,1,1,240,256,56,0,56,0,1,338000
cc_kernel_cpu,4324,0,1,1,48,0,0,0,0,1,339000
cc_kernel_gpu_mem,18655,1,1,240,256,5424056,0,56,5424000,1,339000
cc_kernel_gpu,6169,1,1,240,256,56,0,56,0,1,339000
cc_kernel_cpu,8582,0,1,1,48,0,0,0,0,1,340000
cc_kernel_gpu_mem,17563,1,1,240,256,5440056,0,56,5440000,1,340000
cc_kernel_gpu,5859,1,1,240,256,56,0,56,0,1,340000
cc_kernel_cpu,37195,0,1,1,48,0,0,0,0,1,34000
cc_kernel_gpu_mem,10008,1,1,133,256,544056,0,56,544000,1,34000
cc_kernel_gpu,8832,1,1,133,256,56,0,56,0,1,34000
cc_kernel_cpu,5599,0,1,1,48,0,0,0,0,1,341000
cc_kernel_gpu_mem,19100,1,1,240,256,5456056,0,56,5456000,1,341000
cc_kernel_gpu,6047,1,1,240,256,56,0,56,0,1,341000
cc_kernel_cpu,4530,0,1,1,48,0,0,0,0,1,342000
cc_kernel_gpu_mem,16994,1,1,240,256,5472056,0,56,5472000,1,342000
cc_kernel_gpu,5638,1,1,240,256,56,0,56,0,1,342000
cc_kernel_cpu,9010,0,1,1,48,0,0,0,0,1,343000
cc_kernel_gpu_mem,19263,1,1,240,256,5488056,0,56,5488000,1,343000
cc_kernel_gpu,6692,1,1,240,256,56,0,56,0,1,343000
cc_kernel_cpu,10854,0,1,1,48,0,0,0,0,1,344000
cc_kernel_gpu_mem,21537,1,1,240,256,5504056,0,56,5504000,1,344000
cc_kernel_gpu,2577,1,1,240,256,56,0,56,0,1,344000
cc_kernel_cpu,7298,0,1,1,48,0,0,0,0,1,345000
cc_kernel_gpu_mem,17150,1,1,240,256,5520056,0,56,5520000,1,345000
cc_kernel_gpu,5818,1,1,240,256,56,0,56,0,1,345000
cc_kernel_cpu,768,0,1,1,48,0,0,0,0,1,346000
cc_kernel_gpu_mem,17762,1,1,240,256,5536056,0,56,5536000,1,346000
cc_kernel_gpu,6399,1,1,240,256,56,0,56,0,1,346000
cc_kernel_cpu,2711,0,1,1,48,0,0,0,0,1,347000
cc_kernel_gpu_mem,17923,1,1,240,256,5552056,0,56,5552000,1,347000
cc_kernel_gpu,5933,1,1,240,256,56,0,56,0,1,347000
cc_kernel_cpu,531,0,1,1,48,0,0,0,0,1,348000
cc_kernel_gpu_mem,18753,1,1,240,256,5568056,0,56,5568000,1,348000
cc_kernel_gpu,6630,1,1,240,256,56,0,56,0,1,348000
cc_kernel_cpu,1906,0,1,1,48,0,0,0,0,1,349000
cc_kernel_gpu_mem,19083,1,1,240,256,5584056,0,56,5584000,1,349000
cc_kernel_gpu,6500,1,1,240,256,56,0,56,0,1,349000
cc_kernel_cpu,7554,0,1,1,48,0,0,0,0,1,350000
cc_kernel_gpu_mem,18380,1,1,240,256,5600056,0,56,5600000,1,350000
cc_kernel_gpu,6615,1,1,240,256,56,0,56,0,1,350000
cc_kernel_cpu,5933,0,1,1,48,0,0,0,0,1,35000
cc_kernel_gpu_mem,11303,1,1,137,256,560056,0,56,560000,1,35000
cc_kernel_gpu,8628,1,1,137,256,56,0,56,0,1,35000
cc_kernel_cpu,2826,0,1,1,48,0,0,0,0,1,351000
cc_kernel_gpu_mem,17749,1,1,240,256,5616056,0,56,5616000,1,351000
cc_kernel_gpu,6149,1,1,240,256,56,0,56,0,1,351000
cc_kernel_cpu,8549,0,1,1,48,0,0,0,0,1,352000
cc_kernel_gpu_mem,18479,1,1,240,256,5632056,0,56,5632000,1,352000
cc_kernel_gpu,6380,1,1,240,256,56,0,56,0,1,352000
cc_kernel_cpu,693,0,1,1,48,0,0,0,0,1,353000
cc_kernel_gpu_mem,10334,1,1,240,256,5648056,0,56,5648000,1,353000
cc_kernel_gpu,2555,1,1,240,256,56,0,56,0,1,353000
cc_kernel_cpu,5895,0,1,1,48,0,0,0,0,1,354000
cc_kernel_gpu_mem,17964,1,1,240,256,5664056,0,56,5664000,1,354000
cc_kernel_gpu,5887,1,1,240,256,56,0,56,0,1,354000
cc_kernel_cpu,8129,0,1,1,48,0,0,0,0,1,355000
cc_kernel_gpu_mem,18214,1,1,240,256,5680056,0,56,5680000,1,355000
cc_kernel_gpu,5037,1,1,240,256,56,0,56,0,1,355000
cc_kernel_cpu,760,0,1,1,48,0,0,0,0,1,356000
cc_kernel_gpu_mem,5506,1,1,240,256,5696056,0,56,5696000,1,356000
cc_kernel_gpu,2541,1,1,240,256,56,0,56,0,1,356000
cc_kernel_cpu,4772,0,1,1,48,0,0,0,0,1,357000
cc_kernel_gpu_mem,9305,1,1,240,256,5712056,0,56,5712000,1,357000
cc_kernel_gpu,2425,1,1,240,256,56,0,56,0,1,357000
cc_kernel_cpu,722,0,1,1,48,0,0,0,0,1,358000
cc_kernel_gpu_mem,6053,1,1,240,256,5728056,0,56,5728000,1,358000
cc_kernel_gpu,2446,1,1,240,256,56,0,56,0,1,358000
cc_kernel_cpu,17675,0,1,1,48,0,0,0,0,1,359000
cc_kernel_gpu_mem,29510,1,1,240,256,5744056,0,56,5744000,1,359000
cc_kernel_gpu,8875,1,1,240,256,56,0,56,0,1,359000
cc_kernel_cpu,7816,0,1,1,48,0,0,0,0,1,360000
cc_kernel_gpu_mem,17629,1,1,240,256,5760056,0,56,5760000,1,360000
cc_kernel_gpu,5893,1,1,240,256,56,0,56,0,1,360000
cc_kernel_cpu,22383,0,1,1,48,0,0,0,0,1,36000
cc_kernel_gpu_mem,6826,1,1,141,256,576056,0,56,576000,1,36000
cc_kernel_gpu,5276,1,1,141,256,56,0,56,0,1,36000
cc_kernel_cpu,4531,0,1,1,48,0,0,0,0,1,361000
cc_kernel_gpu_mem,17751,1,1,240,256,5776056,0,56,5776000,1,361000
cc_kernel_gpu,5644,1,1,240,256,56,0,56,0,1,361000
cc_kernel_cpu,18329,0,1,1,48,0,0,0,0,1,362000
cc_kernel_gpu_mem,10007,1,1,240,256,5792056,0,56,5792000,1,362000
cc_kernel_gpu,2564,1,1,240,256,56,0,56,0,1,362000
cc_kernel_cpu,9560,0,1,1,48,0,0,0,0,1,363000
cc_kernel_gpu_mem,5892,1,1,240,256,5808056,0,56,5808000,1,363000
cc_kernel_gpu,2610,1,1,240,256,56,0,56,0,1,363000
cc_kernel_cpu,6924,0,1,1,48,0,0,0,0,1,364000
cc_kernel_gpu_mem,17771,1,1,240,256,5824056,0,56,5824000,1,364000
cc_kernel_gpu,6073,1,1,240,256,56,0,56,0,1,364000
cc_kernel_cpu,8671,0,1,1,48,0,0,0,0,1,365000
cc_kernel_gpu_mem,19065,1,1,240,256,5840056,0,56,5840000,1,365000
cc_kernel_gpu,5367,1,1,240,256,56,0,56,0,1,365000
cc_kernel_cpu,8402,0,1,1,48,0,0,0,0,1,366000
cc_kernel_gpu_mem,17392,1,1,240,256,5856056,0,56,5856000,1,366000
cc_kernel_gpu,6264,1,1,240,256,56,0,56,0,1,366000
cc_kernel_cpu,548,0,1,1,48,0,0,0,0,1,367000
cc_kernel_gpu_mem,9248,1,1,240,256,5872056,0,56,5872000,1,367000
cc_kernel_gpu,2585,1,1,240,256,56,0,56,0,1,367000
cc_kernel_cpu,6108,0,1,1,48,0,0,0,0,1,368000
cc_kernel_gpu_mem,18513,1,1,240,256,5888056,0,56,5888000,1,368000
cc_kernel_gpu,6695,1,1,240,256,56,0,56,0,1,368000
cc_kernel_cpu,1879,0,1,1,48,0,0,0,0,1,369000
cc_kernel_gpu_mem,18436,1,1,240,256,5904056,0,56,5904000,1,369000
cc_kernel_gpu,6390,1,1,240,256,56,0,56,0,1,369000
cc_kernel_cpu,2403,0,1,1,48,0,0,0,0,1,370000
cc_kernel_gpu_mem,17989,1,1,240,256,5920056,0,56,5920000,1,370000
cc_kernel_gpu,5928,1,1,240,256,56,0,56,0,1,370000
cc_kernel_cpu,691,0,1,1,48,0,0,0,0,1,37000
cc_kernel_gpu_mem,3739,1,1,145,256,592056,0,56,592000,1,37000
cc_kernel_gpu,2153,1,1,145,256,56,0,56,0,1,37000
cc_kernel_cpu,6972,0,1,1,48,0,0,0,0,1,371000
cc_kernel_gpu_mem,18108,1,1,240,256,5936056,0,56,5936000,1,371000
cc_kernel_gpu,5665,1,1,240,256,56,0,56,0,1,371000
cc_kernel_cpu,4388,0,1,1,48,0,0,0,0,1,372000
cc_kernel_gpu_mem,17607,1,1,240,256,5952056,0,56,5952000,1,372000
cc_kernel_gpu,5054,1,1,240,256,56,0,56,0,1,372000
cc_kernel_cpu,951,0,1,1,48,0,0,0,0,1,373000
cc_kernel_gpu_mem,12263,1,1,240,256,5968056,0,56,5968000,1,373000
cc_kernel_gpu,2561,1,1,240,256,56,0,56,0,1,373000
cc_kernel_cpu,637,0,1,1,48,0,0,0,0,1,374000
cc_kernel_gpu_mem,12947,1,1,240,256,5984056,0,56,5984000,1,374000
cc_kernel_gpu,6025,1,1,240,256,56,0,56,0,1,374000
cc_kernel_cpu,1013,0,1,1,48,0,0,0,0,1,375000
cc_kernel_gpu_mem,9223,1,1,240,256,6000056,0,56,6000000,1,375000
cc_kernel_gpu,2371,1,1,240,256,56,0,56,0,1,375000
cc_kernel_cpu,6295,0,1,1,48,0,0,0,0,1,376000
cc_kernel_gpu_mem,18127,1,1,240,256,6016056,0,56,6016000,1,376000
cc_kernel_gpu,5139,1,1,240,256,56,0,56,0,1,376000
cc_kernel_cpu,638,0,1,1,48,0,0,0,0,1,377000
cc_kernel_gpu_mem,25625,1,1,240,256,6032056,0,56,6032000,1,377000
cc_kernel_gpu,10273,1,1,240,256,56,0,56,0,1,377000
cc_kernel_cpu,7893,0,1,1,48,0,0,0,0,1,378000
cc_kernel_gpu_mem,30855,1,1,240,256,6048056,0,56,6048000,1,378000
cc_kernel_gpu,2562,1,1,240,256,56,0,56,0,1,378000
cc_kernel_cpu,2487,0,1,1,48,0,0,0,0,1,379000
cc_kernel_gpu_mem,18672,1,1,240,256,6064056,0,56,6064000,1,379000
cc_kernel_gpu,5780,1,1,240,256,56,0,56,0,1,379000
cc_kernel_cpu,574,0,1,1,48,0,0,0,0,1,380000
cc_kernel_gpu_mem,10393,1,1,240,256,6080056,0,56,6080000,1,380000
cc_kernel_gpu,2530,1,1,240,256,56,0,56,0,1,380000
cc_kernel_cpu,2410,0,1,1,48,0,0,0,0,1,38000
cc_kernel_gpu_mem,11829,1,1,149,256,608056,0,56,608000,1,38000
cc_kernel_gpu,2940,1,1,149,256,56,0,56,0,1,38000
cc_kernel_cpu,6033,0,1,1,48,0,0,0,0,1,381000
cc_kernel_gpu_mem,27048,1,1,240,256,6096056,0,56,6096000,1,381000
cc_kernel_gpu,10879,1,1,240,256,56,0,56,0,1,381000
cc_kernel_cpu,5384,0,1,1,48,0,0,0,0,1,382000
cc_kernel_gpu_mem,17934,1,1,240,256,6112056,0,56,6112000,1,382000
cc_kernel_gpu,5956,1,1,240,256,56,0,56,0,1,382000
cc_kernel_cpu,11474,0,1,1,48,0,0,0,0,1,383000
cc_kernel_gpu_mem,9662,1,1,240,256,6128056,0,56,6128000,1,383000
cc_kernel_gpu,2508,1,1,240,256,56,0,56,0,1,383000
cc_kernel_cpu,714,0,1,1,48,0,0,0,0,1,384000
cc_kernel_gpu_mem,9813,1,1,240,256,6144056,0,56,6144000,1,384000
cc_kernel_gpu,2360,1,1,240,256,56,0,56,0,1,384000
cc_kernel_cpu,10916,0,1,1,48,0,0,0,0,1,385000
cc_kernel_gpu_mem,22586,1,1,240,256,6160056,0,56,6160000,1,385000
cc_kernel_gpu,2533,1,1,240,256,56,0,56,0,1,385000
cc_kernel_cpu,1019,0,1,1,48,0,0,0,0,1,386000
cc_kernel_gpu_mem,21330,1,1,240,256,6176056,0,56,6176000,1,386000
cc_kernel_gpu,8670,1,1,240,256,56,0,56,0,1,386000
cc_kernel_cpu,605,0,1,1,48,0,0,0,0,1,387000
cc_kernel_gpu_mem,20927,1,1,240,256,6192056,0,56,6192000,1,387000
cc_kernel_gpu,8341,1,1,240,256,56,0,56,0,1,387000
cc_kernel_cpu,1316,0,1,1,48,0,0,0,0,1,388000
cc_kernel_gpu_mem,19524,1,1,240,256,6208056,0,56,6208000,1,388000
cc_kernel_gpu,7379,1,1,240,256,56,0,56,0,1,388000
cc_kernel_cpu,3776,0,1,1,48,0,0,0,0,1,389000
cc_kernel_gpu_mem,21151,1,1,240,256,6224056,0,56,6224000,1,389000
cc_kernel_gpu,8398,1,1,240,256,56,0,56,0,1,389000
cc_kernel_cpu,18594,0,1,1,48,0,0,0,0,1,390000
cc_kernel_gpu_mem,16284,1,1,240,256,6240056,0,56,6240000,1,390000
cc_kernel_gpu,2553,1,1,240,256,56,0,56,0,1,390000
cc_kernel_cpu,28261,0,1,1,48,0,0,0,0,1,39000
cc_kernel_gpu_mem,3889,1,1,153,256,624056,0,56,624000,1,39000
cc_kernel_gpu,2364,1,1,153,256,56,0,56,0,1,39000
cc_kernel_cpu,1725,0,1,1,48,0,0,0,0,1,391000
cc_kernel_gpu_mem,20762,1,1,240,256,6256056,0,56,6256000,1,391000
cc_kernel_gpu,8756,1,1,240,256,56,0,56,0,1,391000
cc_kernel_cpu,727,0,1,1,48,0,0,0,0,1,392000
cc_kernel_gpu_mem,12665,1,1,240,256,6272056,0,56,6272000,1,392000
cc_kernel_gpu,2546,1,1,240,256,56,0,56,0,1,392000
cc_kernel_cpu,878,0,1,1,48,0,0,0,0,1,393000
cc_kernel_gpu_mem,21170,1,1,240,256,6288056,0,56,6288000,1,393000
cc_kernel_gpu,8692,1,1,240,256,56,0,56,0,1,393000
cc_kernel_cpu,602,0,1,1,48,0,0,0,0,1,394000
cc_kernel_gpu_mem,11607,1,1,240,256,6304056,0,56,6304000,1,394000
cc_kernel_gpu,2394,1,1,240,256,56,0,56,0,1,394000
cc_kernel_cpu,3100,0,1,1,48,0,0,0,0,1,395000
cc_kernel_gpu_mem,11599,1,1,240,256,6320056,0,56,6320000,1,395000
cc_kernel_gpu,2539,1,1,240,256,56,0,56,0,1,395000
cc_kernel_cpu,436,0,1,1,48,0,0,0,0,1,396000
cc_kernel_gpu_mem,12187,1,1,240,256,6336056,0,56,6336000,1,396000
cc_kernel_gpu,3354,1,1,240,256,56,0,56,0,1,396000
cc_kernel_cpu,554,0,1,1,48,0,0,0,0,1,397000
cc_kernel_gpu_mem,11690,1,1,240,256,6352056,0,56,6352000,1,397000
cc_kernel_gpu,2913,1,1,240,256,56,0,56,0,1,397000
cc_kernel_cpu,589,0,1,1,48,0,0,0,0,1,398000
cc_kernel_gpu_mem,16218,1,1,240,256,6368056,0,56,6368000,1,398000
cc_kernel_gpu,8695,1,1,240,256,56,0,56,0,1,398000
cc_kernel_cpu,2218,0,1,1,48,0,0,0,0,1,399000
cc_kernel_gpu_mem,8063,1,1,240,256,6384056,0,56,6384000,1,399000
cc_kernel_gpu,2489,1,1,240,256,56,0,56,0,1,399000
cc_kernel_cpu,3432,0,1,1,48,0,0,0,0,1,400000
cc_kernel_gpu_mem,20990,1,1,240,256,6400056,0,56,6400000,1,400000
cc_kernel_gpu,7860,1,1,240,256,56,0,56,0,1,400000
cc_kernel_cpu,13917,0,1,1,48,0,0,0,0,1,40000
cc_kernel_gpu_mem,3838,1,1,157,256,640056,0,56,640000,1,40000
cc_kernel_gpu,2214,1,1,157,256,56,0,56,0,1,40000
cc_kernel_cpu,25171,0,1,1,48,0,0,0,0,1,4000
cc_kernel_gpu_mem,3513,1,1,16,256,64056,0,56,64000,1,4000
cc_kernel_gpu,2039,1,1,16,256,56,0,56,0,1,4000
cc_kernel_cpu,561,0,1,1,48,0,0,0,0,1,401000
cc_kernel_gpu_mem,19668,1,1,240,256,6416056,0,56,6416000,1,401000
cc_kernel_gpu,8122,1,1,240,256,56,0,56,0,1,401000
cc_kernel_cpu,2189,0,1,1,48,0,0,0,0,1,402000
cc_kernel_gpu_mem,20631,1,1,240,256,6432056,0,56,6432000,1,402000
cc_kernel_gpu,7960,1,1,240,256,56,0,56,0,1,402000
cc_kernel_cpu,11487,0,1,1,48,0,0,0,0,1,403000
cc_kernel_gpu_mem,12358,1,1,240,256,6448056,0,56,6448000,1,403000
cc_kernel_gpu,2540,1,1,240,256,56,0,56,0,1,403000
cc_kernel_cpu,7453,0,1,1,48,0,0,0,0,1,404000
cc_kernel_gpu_mem,21099,1,1,240,256,6464056,0,56,6464000,1,404000
cc_kernel_gpu,8446,1,1,240,256,56,0,56,0,1,404000
cc_kernel_cpu,8621,0,1,1,48,0,0,0,0,1,405000
cc_kernel_gpu_mem,20599,1,1,240,256,6480056,0,56,6480000,1,405000
cc_kernel_gpu,8846,1,1,240,256,56,0,56,0,1,405000
cc_kernel_cpu,10791,0,1,1,48,0,0,0,0,1,406000
cc_kernel_gpu_mem,11665,1,1,240,256,6496056,0,56,6496000,1,406000
cc_kernel_gpu,3890,1,1,240,256,56,0,56,0,1,406000
cc_kernel_cpu,2640,0,1,1,48,0,0,0,0,1,407000
cc_kernel_gpu_mem,20592,1,1,240,256,6512056,0,56,6512000,1,407000
cc_kernel_gpu,8881,1,1,240,256,56,0,56,0,1,407000
cc_kernel_cpu,3842,0,1,1,48,0,0,0,0,1,408000
cc_kernel_gpu_mem,12224,1,1,240,256,6528056,0,56,6528000,1,408000
cc_kernel_gpu,2352,1,1,240,256,56,0,56,0,1,408000
cc_kernel_cpu,747,0,1,1,48,0,0,0,0,1,409000
cc_kernel_gpu_mem,11533,1,1,240,256,6544056,0,56,6544000,1,409000
cc_kernel_gpu,2531,1,1,240,256,56,0,56,0,1,409000
cc_kernel_cpu,436,0,1,1,48,0,0,0,0,1,410000
cc_kernel_gpu_mem,26885,1,1,240,256,6560056,0,56,6560000,1,410000
cc_kernel_gpu,16209,1,1,240,256,56,0,56,0,1,410000
cc_kernel_cpu,16821,0,1,1,48,0,0,0,0,1,41000
cc_kernel_gpu_mem,4316,1,1,161,256,656056,0,56,656000,1,41000
cc_kernel_gpu,4751,1,1,161,256,56,0,56,0,1,41000
cc_kernel_cpu,8711,0,1,1,48,0,0,0,0,1,411000
cc_kernel_gpu_mem,20423,1,1,240,256,6576056,0,56,6576000,1,411000
cc_kernel_gpu,8228,1,1,240,256,56,0,56,0,1,411000
cc_kernel_cpu,5152,0,1,1,48,0,0,0,0,1,412000
cc_kernel_gpu_mem,21520,1,1,240,256,6592056,0,56,6592000,1,412000
cc_kernel_gpu,8736,1,1,240,256,56,0,56,0,1,412000
cc_kernel_cpu,8721,0,1,1,48,0,0,0,0,1,413000
cc_kernel_gpu_mem,22910,1,1,240,256,6608056,0,56,6608000,1,413000
cc_kernel_gpu,2402,1,1,240,256,56,0,56,0,1,413000
cc_kernel_cpu,5586,0,1,1,48,0,0,0,0,1,414000
cc_kernel_gpu_mem,20377,1,1,240,256,6624056,0,56,6624000,1,414000
cc_kernel_gpu,8414,1,1,240,256,56,0,56,0,1,414000
cc_kernel_cpu,1684,0,1,1,48,0,0,0,0,1,415000
cc_kernel_gpu_mem,20137,1,1,240,256,6640056,0,56,6640000,1,415000
cc_kernel_gpu,8728,1,1,240,256,56,0,56,0,1,415000
cc_kernel_cpu,5032,0,1,1,48,0,0,0,0,1,416000
cc_kernel_gpu_mem,20114,1,1,240,256,6656056,0,56,6656000,1,416000
cc_kernel_gpu,7968,1,1,240,256,56,0,56,0,1,416000
cc_kernel_cpu,646,0,1,1,48,0,0,0,0,1,417000
cc_kernel_gpu_mem,31924,1,1,240,256,6672056,0,56,6672000,1,417000
cc_kernel_gpu,6577,1,1,240,256,56,0,56,0,1,417000
cc_kernel_cpu,7377,0,1,1,48,0,0,0,0,1,418000
cc_kernel_gpu_mem,20808,1,1,240,256,6688056,0,56,6688000,1,418000
cc_kernel_gpu,5782,1,1,240,256,56,0,56,0,1,418000
cc_kernel_cpu,841,0,1,1,48,0,0,0,0,1,419000
cc_kernel_gpu_mem,28805,1,1,240,256,6704056,0,56,6704000,1,419000
cc_kernel_gpu,14079,1,1,240,256,56,0,56,0,1,419000
cc_kernel_cpu,2368,0,1,1,48,0,0,0,0,1,420000
cc_kernel_gpu_mem,19584,1,1,240,256,6720056,0,56,6720000,1,420000
cc_kernel_gpu,15304,1,1,240,256,56,0,56,0,1,420000
cc_kernel_cpu,4029,0,1,1,48,0,0,0,0,1,42000
cc_kernel_gpu_mem,29277,1,1,165,256,672056,0,56,672000,1,42000
cc_kernel_gpu,5704,1,1,165,256,56,0,56,0,1,42000
cc_kernel_cpu,2202,0,1,1,48,0,0,0,0,1,421000
cc_kernel_gpu_mem,12019,1,1,240,256,6736056,0,56,6736000,1,421000
cc_kernel_gpu,2553,1,1,240,256,56,0,56,0,1,421000
cc_kernel_cpu,7577,0,1,1,48,0,0,0,0,1,422000
cc_kernel_gpu_mem,24117,1,1,240,256,6752056,0,56,6752000,1,422000
cc_kernel_gpu,2601,1,1,240,256,56,0,56,0,1,422000
cc_kernel_cpu,4772,0,1,1,48,0,0,0,0,1,423000
cc_kernel_gpu_mem,19754,1,1,240,256,6768056,0,56,6768000,1,423000
cc_kernel_gpu,8217,1,1,240,256,56,0,56,0,1,423000
cc_kernel_cpu,12269,0,1,1,48,0,0,0,0,1,424000
cc_kernel_gpu_mem,17728,1,1,240,256,6784056,0,56,6784000,1,424000
cc_kernel_gpu,8050,1,1,240,256,56,0,56,0,1,424000
cc_kernel_cpu,5063,0,1,1,48,0,0,0,0,1,425000
cc_kernel_gpu_mem,20094,1,1,240,256,6800056,0,56,6800000,1,425000
cc_kernel_gpu,9135,1,1,240,256,56,0,56,0,1,425000
cc_kernel_cpu,4688,0,1,1,48,0,0,0,0,1,426000
cc_kernel_gpu_mem,21095,1,1,240,256,6816056,0,56,6816000,1,426000
cc_kernel_gpu,8669,1,1,240,256,56,0,56,0,1,426000
cc_kernel_cpu,701,0,1,1,48,0,0,0,0,1,427000
cc_kernel_gpu_mem,12320,1,1,240,256,6832056,0,56,6832000,1,427000
cc_kernel_gpu,2544,1,1,240,256,56,0,56,0,1,427000
cc_kernel_cpu,8205,0,1,1,48,0,0,0,0,1,428000
cc_kernel_gpu_mem,20797,1,1,240,256,6848056,0,56,6848000,1,428000
cc_kernel_gpu,8730,1,1,240,256,56,0,56,0,1,428000
cc_kernel_cpu,8087,0,1,1,48,0,0,0,0,1,429000
cc_kernel_gpu_mem,11214,1,1,240,256,6864056,0,56,6864000,1,429000
cc_kernel_gpu,2477,1,1,240,256,56,0,56,0,1,429000
cc_kernel_cpu,18708,0,1,1,48,0,0,0,0,1,430000
cc_kernel_gpu_mem,19762,1,1,240,256,6880056,0,56,6880000,1,430000
cc_kernel_gpu,9142,1,1,240,256,56,0,56,0,1,430000
cc_kernel_cpu,4058,0,1,1,48,0,0,0,0,1,43000
cc_kernel_gpu_mem,6673,1,1,168,256,688056,0,56,688000,1,43000
cc_kernel_gpu,5264,1,1,168,256,56,0,56,0,1,43000
cc_kernel_cpu,5334,0,1,1,48,0,0,0,0,1,431000
cc_kernel_gpu_mem,30161,1,1,240,256,6896056,0,56,6896000,1,431000
cc_kernel_gpu,23647,1,1,240,256,56,0,56,0,1,431000
cc_kernel_cpu,5231,0,1,1,48,0,0,0,0,1,432000
cc_kernel_gpu_mem,21578,1,1,240,256,6912056,0,56,6912000,1,432000
cc_kernel_gpu,6306,1,1,240,256,56,0,56,0,1,432000
cc_kernel_cpu,4099,0,1,1,48,0,0,0,0,1,433000
cc_kernel_gpu_mem,19980,1,1,240,256,6928056,0,56,6928000,1,433000
cc_kernel_gpu,8608,1,1,240,256,56,0,56,0,1,433000
cc_kernel_cpu,1815,0,1,1,48,0,0,0,0,1,434000
cc_kernel_gpu_mem,20779,1,1,240,256,6944056,0,56,6944000,1,434000
cc_kernel_gpu,8846,1,1,240,256,56,0,56,0,1,434000
cc_kernel_cpu,6453,0,1,1,48,0,0,0,0,1,435000
cc_kernel_gpu_mem,20920,1,1,240,256,6960056,0,56,6960000,1,435000
cc_kernel_gpu,9035,1,1,240,256,56,0,56,0,1,435000
cc_kernel_cpu,4038,0,1,1,48,0,0,0,0,1,436000
cc_kernel_gpu_mem,20111,1,1,240,256,6976056,0,56,6976000,1,436000
cc_kernel_gpu,7930,1,1,240,256,56,0,56,0,1,436000
cc_kernel_cpu,5283,0,1,1,48,0,0,0,0,1,437000
cc_kernel_gpu_mem,20749,1,1,240,256,6992056,0,56,6992000,1,437000
cc_kernel_gpu,8793,1,1,240,256,56,0,56,0,1,437000
cc_kernel_cpu,7118,0,1,1,48,0,0,0,0,1,438000
cc_kernel_gpu_mem,19745,1,1,240,256,7008056,0,56,7008000,1,438000
cc_kernel_gpu,8257,1,1,240,256,56,0,56,0,1,438000
cc_kernel_cpu,4087,0,1,1,48,0,0,0,0,1,439000
cc_kernel_gpu_mem,20014,1,1,240,256,7024056,0,56,7024000,1,439000
cc_kernel_gpu,7720,1,1,240,256,56,0,56,0,1,439000
cc_kernel_cpu,2469,0,1,1,48,0,0,0,0,1,440000
cc_kernel_gpu_mem,19634,1,1,240,256,7040056,0,56,7040000,1,440000
cc_kernel_gpu,8225,1,1,240,256,56,0,56,0,1,440000
cc_kernel_cpu,11799,0,1,1,48,0,0,0,0,1,44000
cc_kernel_gpu_mem,6618,1,1,172,256,704056,0,56,704000,1,44000
cc_kernel_gpu,5299,1,1,172,256,56,0,56,0,1,44000
cc_kernel_cpu,8859,0,1,1,48,0,0,0,0,1,441000
cc_kernel_gpu_mem,21194,1,1,240,256,7056056,0,56,7056000,1,441000
cc_kernel_gpu,8584,1,1,240,256,56,0,56,0,1,441000
cc_kernel_cpu,488,0,1,1,48,0,0,0,0,1,442000
cc_kernel_gpu_mem,11413,1,1,240,256,7072056,0,56,7072000,1,442000
cc_kernel_gpu,2482,1,1,240,256,56,0,56,0,1,442000
cc_kernel_cpu,9116,0,1,1,48,0,0,0,0,1,443000
cc_kernel_gpu_mem,29252,1,1,240,256,7088056,0,56,7088000,1,443000
cc_kernel_gpu,9120,1,1,240,256,56,0,56,0,1,443000
cc_kernel_cpu,3022,0,1,1,48,0,0,0,0,1,444000
cc_kernel_gpu_mem,21096,1,1,240,256,7104056,0,56,7104000,1,444000
cc_kernel_gpu,8579,1,1,240,256,56,0,56,0,1,444000
cc_kernel_cpu,594,0,1,1,48,0,0,0,0,1,445000
cc_kernel_gpu_mem,11348,1,1,240,256,7120056,0,56,7120000,1,445000
cc_kernel_gpu,2856,1,1,240,256,56,0,56,0,1,445000
cc_kernel_cpu,7394,0,1,1,48,0,0,0,0,1,446000
cc_kernel_gpu_mem,21615,1,1,240,256,7136056,0,56,7136000,1,446000
cc_kernel_gpu,7275,1,1,240,256,56,0,56,0,1,446000
cc_kernel_cpu,3694,0,1,1,48,0,0,0,0,1,447000
cc_kernel_gpu_mem,20858,1,1,240,256,7152056,0,56,7152000,1,447000
cc_kernel_gpu,8347,1,1,240,256,56,0,56,0,1,447000
cc_kernel_cpu,8339,0,1,1,48,0,0,0,0,1,448000
cc_kernel_gpu_mem,20227,1,1,240,256,7168056,0,56,7168000,1,448000
cc_kernel_gpu,7878,1,1,240,256,56,0,56,0,1,448000
cc_kernel_cpu,1840,0,1,1,48,0,0,0,0,1,449000
cc_kernel_gpu_mem,21579,1,1,240,256,7184056,0,56,7184000,1,449000
cc_kernel_gpu,7330,1,1,240,256,56,0,56,0,1,449000
cc_kernel_cpu,2441,0,1,1,48,0,0,0,0,1,450000
cc_kernel_gpu_mem,21621,1,1,240,256,7200056,0,56,7200000,1,450000
cc_kernel_gpu,8598,1,1,240,256,56,0,56,0,1,450000
cc_kernel_cpu,16154,0,1,1,48,0,0,0,0,1,45000
cc_kernel_gpu_mem,6458,1,1,176,256,720056,0,56,720000,1,45000
cc_kernel_gpu,4960,1,1,176,256,56,0,56,0,1,45000
cc_kernel_cpu,611,0,1,1,48,0,0,0,0,1,451000
cc_kernel_gpu_mem,7642,1,1,240,256,7216056,0,56,7216000,1,451000
cc_kernel_gpu,2545,1,1,240,256,56,0,56,0,1,451000
cc_kernel_cpu,5173,0,1,1,48,0,0,0,0,1,452000
cc_kernel_gpu_mem,20484,1,1,240,256,7232056,0,56,7232000,1,452000
cc_kernel_gpu,8676,1,1,240,256,56,0,56,0,1,452000
cc_kernel_cpu,6076,0,1,1,48,0,0,0,0,1,453000
cc_kernel_gpu_mem,20116,1,1,240,256,7248056,0,56,7248000,1,453000
cc_kernel_gpu,8224,1,1,240,256,56,0,56,0,1,453000
cc_kernel_cpu,8755,0,1,1,48,0,0,0,0,1,454000
cc_kernel_gpu_mem,19617,1,1,240,256,7264056,0,56,7264000,1,454000
cc_kernel_gpu,8154,1,1,240,256,56,0,56,0,1,454000
cc_kernel_cpu,810,0,1,1,48,0,0,0,0,1,455000
cc_kernel_gpu_mem,12321,1,1,240,256,7280056,0,56,7280000,1,455000
cc_kernel_gpu,2547,1,1,240,256,56,0,56,0,1,455000
cc_kernel_cpu,7415,0,1,1,48,0,0,0,0,1,456000
cc_kernel_gpu_mem,7467,1,1,240,256,7296056,0,56,7296000,1,456000
cc_kernel_gpu,2388,1,1,240,256,56,0,56,0,1,456000
cc_kernel_cpu,5873,0,1,1,48,0,0,0,0,1,457000
cc_kernel_gpu_mem,20375,1,1,240,256,7312056,0,56,7312000,1,457000
cc_kernel_gpu,8668,1,1,240,256,56,0,56,0,1,457000
cc_kernel_cpu,667,0,1,1,48,0,0,0,0,1,458000
cc_kernel_gpu_mem,12681,1,1,240,256,7328056,0,56,7328000,1,458000
cc_kernel_gpu,5236,1,1,240,256,56,0,56,0,1,458000
cc_kernel_cpu,6892,0,1,1,48,0,0,0,0,1,459000
cc_kernel_gpu_mem,20099,1,1,240,256,7344056,0,56,7344000,1,459000
cc_kernel_gpu,7994,1,1,240,256,56,0,56,0,1,459000
cc_kernel_cpu,9130,0,1,1,48,0,0,0,0,1,460000
cc_kernel_gpu_mem,19923,1,1,240,256,7360056,0,56,7360000,1,460000
cc_kernel_gpu,6214,1,1,240,256,56,0,56,0,1,460000
cc_kernel_cpu,15268,0,1,1,48,0,0,0,0,1,46000
cc_kernel_gpu_mem,4078,1,1,180,256,736056,0,56,736000,1,46000
cc_kernel_gpu,2393,1,1,180,256,56,0,56,0,1,46000
cc_kernel_cpu,17181,0,1,1,48,0,0,0,0,1,461000
cc_kernel_gpu_mem,17291,1,1,240,256,7376056,0,56,7376000,1,461000
cc_kernel_gpu,8021,1,1,240,256,56,0,56,0,1,461000
cc_kernel_cpu,2751,0,1,1,48,0,0,0,0,1,462000
cc_kernel_gpu_mem,20006,1,1,240,256,7392056,0,56,7392000,1,462000
cc_kernel_gpu,8167,1,1,240,256,56,0,56,0,1,462000
cc_kernel_cpu,4603,0,1,1,48,0,0,0,0,1,463000
cc_kernel_gpu_mem,20960,1,1,240,256,7408056,0,56,7408000,1,463000
cc_kernel_gpu,8591,1,1,240,256,56,0,56,0,1,463000
cc_kernel_cpu,628,0,1,1,48,0,0,0,0,1,464000
cc_kernel_gpu_mem,18143,1,1,240,256,7424056,0,56,7424000,1,464000
cc_kernel_gpu,5038,1,1,240,256,56,0,56,0,1,464000
cc_kernel_cpu,10107,0,1,1,48,0,0,0,0,1,465000
cc_kernel_gpu_mem,10813,1,1,240,256,7440056,0,56,7440000,1,465000
cc_kernel_gpu,2669,1,1,240,256,56,0,56,0,1,465000
cc_kernel_cpu,9535,0,1,1,48,0,0,0,0,1,466000
cc_kernel_gpu_mem,19468,1,1,240,256,7456056,0,56,7456000,1,466000
cc_kernel_gpu,8860,1,1,240,256,56,0,56,0,1,466000
cc_kernel_cpu,980,0,1,1,48,0,0,0,0,1,467000
cc_kernel_gpu_mem,21137,1,1,240,256,7472056,0,56,7472000,1,467000
cc_kernel_gpu,6731,1,1,240,256,56,0,56,0,1,467000
cc_kernel_cpu,730,0,1,1,48,0,0,0,0,1,468000
cc_kernel_gpu_mem,17777,1,1,240,256,7488056,0,56,7488000,1,468000
cc_kernel_gpu,10487,1,1,240,256,56,0,56,0,1,468000
cc_kernel_cpu,894,0,1,1,48,0,0,0,0,1,469000
cc_kernel_gpu_mem,12098,1,1,240,256,7504056,0,56,7504000,1,469000
cc_kernel_gpu,2543,1,1,240,256,56,0,56,0,1,469000
cc_kernel_cpu,770,0,1,1,48,0,0,0,0,1,470000
cc_kernel_gpu_mem,20979,1,1,240,256,7520056,0,56,7520000,1,470000
cc_kernel_gpu,6108,1,1,240,256,56,0,56,0,1,470000
cc_kernel_cpu,3066,0,1,1,48,0,0,0,0,1,47000
cc_kernel_gpu_mem,6634,1,1,184,256,752056,0,56,752000,1,47000
cc_kernel_gpu,5324,1,1,184,256,56,0,56,0,1,47000
cc_kernel_cpu,8823,0,1,1,48,0,0,0,0,1,471000
cc_kernel_gpu_mem,19564,1,1,240,256,7536056,0,56,7536000,1,471000
cc_kernel_gpu,7879,1,1,240,256,56,0,56,0,1,471000
cc_kernel_cpu,3154,0,1,1,48,0,0,0,0,1,472000
cc_kernel_gpu_mem,21842,1,1,240,256,7552056,0,56,7552000,1,472000
cc_kernel_gpu,8840,1,1,240,256,56,0,56,0,1,472000
cc_kernel_cpu,2984,0,1,1,48,0,0,0,0,1,473000
cc_kernel_gpu_mem,29502,1,1,240,256,7568056,0,56,7568000,1,473000
cc_kernel_gpu,9990,1,1,240,256,56,0,56,0,1,473000
cc_kernel_cpu,1116,0,1,1,48,0,0,0,0,1,474000
cc_kernel_gpu_mem,11567,1,1,240,256,7584056,0,56,7584000,1,474000
cc_kernel_gpu,3684,1,1,240,256,56,0,56,0,1,474000
cc_kernel_cpu,2256,0,1,1,48,0,0,0,0,1,475000
cc_kernel_gpu_mem,34775,1,1,240,256,7600056,0,56,7600000,1,475000
cc_kernel_gpu,4372,1,1,240,256,56,0,56,0,1,475000
cc_kernel_cpu,7643,0,1,1,48,0,0,0,0,1,476000
cc_kernel_gpu_mem,20642,1,1,240,256,7616056,0,56,7616000,1,476000
cc_kernel_gpu,8799,1,1,240,256,56,0,56,0,1,476000
cc_kernel_cpu,3435,0,1,1,48,0,0,0,0,1,477000
cc_kernel_gpu_mem,19658,1,1,240,256,7632056,0,56,7632000,1,477000
cc_kernel_gpu,5122,1,1,240,256,56,0,56,0,1,477000
cc_kernel_cpu,6098,0,1,1,48,0,0,0,0,1,478000
cc_kernel_gpu_mem,21000,1,1,240,256,7648056,0,56,7648000,1,478000
cc_kernel_gpu,8815,1,1,240,256,56,0,56,0,1,478000
cc_kernel_cpu,6185,0,1,1,48,0,0,0,0,1,479000
cc_kernel_gpu_mem,19698,1,1,240,256,7664056,0,56,7664000,1,479000
cc_kernel_gpu,4840,1,1,240,256,56,0,56,0,1,479000
cc_kernel_cpu,5090,0,1,1,48,0,0,0,0,1,480000
cc_kernel_gpu_mem,19748,1,1,240,256,7680056,0,56,7680000,1,480000
cc_kernel_gpu,8139,1,1,240,256,56,0,56,0,1,480000
cc_kernel_cpu,393,0,1,1,48,0,0,0,0,1,48000
cc_kernel_gpu_mem,3982,1,1,188,256,768056,0,56,768000,1,48000
cc_kernel_gpu,2317,1,1,188,256,56,0,56,0,1,48000
cc_kernel_cpu,5905,0,1,1,48,0,0,0,0,1,481000
cc_kernel_gpu_mem,21032,1,1,240,256,7696056,0,56,7696000,1,481000
cc_kernel_gpu,7608,1,1,240,256,56,0,56,0,1,481000
cc_kernel_cpu,414,0,1,1,48,0,0,0,0,1,482000
cc_kernel_gpu_mem,7718,1,1,240,256,7712056,0,56,7712000,1,482000
cc_kernel_gpu,2518,1,1,240,256,56,0,56,0,1,482000
cc_kernel_cpu,5113,0,1,1,48,0,0,0,0,1,483000
cc_kernel_gpu_mem,21900,1,1,240,256,7728056,0,56,7728000,1,483000
cc_kernel_gpu,8844,1,1,240,256,56,0,56,0,1,483000
cc_kernel_cpu,4073,0,1,1,48,0,0,0,0,1,484000
cc_kernel_gpu_mem,20832,1,1,240,256,7744056,0,56,7744000,1,484000
cc_kernel_gpu,8203,1,1,240,256,56,0,56,0,1,484000
cc_kernel_cpu,757,0,1,1,48,0,0,0,0,1,485000
cc_kernel_gpu_mem,15833,1,1,240,256,7760056,0,56,7760000,1,485000
cc_kernel_gpu,8861,1,1,240,256,56,0,56,0,1,485000
cc_kernel_cpu,5168,0,1,1,48,0,0,0,0,1,486000
cc_kernel_gpu_mem,33573,1,1,240,256,7776056,0,56,7776000,1,486000
cc_kernel_gpu,10331,1,1,240,256,56,0,56,0,1,486000
cc_kernel_cpu,822,0,1,1,48,0,0,0,0,1,487000
cc_kernel_gpu_mem,21945,1,1,240,256,7792056,0,56,7792000,1,487000
cc_kernel_gpu,8763,1,1,240,256,56,0,56,0,1,487000
cc_kernel_cpu,6736,0,1,1,48,0,0,0,0,1,488000
cc_kernel_gpu_mem,19973,1,1,240,256,7808056,0,56,7808000,1,488000
cc_kernel_gpu,7708,1,1,240,256,56,0,56,0,1,488000
cc_kernel_cpu,3755,0,1,1,48,0,0,0,0,1,489000
cc_kernel_gpu_mem,19736,1,1,240,256,7824056,0,56,7824000,1,489000
cc_kernel_gpu,3531,1,1,240,256,56,0,56,0,1,489000
cc_kernel_cpu,987,0,1,1,48,0,0,0,0,1,490000
cc_kernel_gpu_mem,24563,1,1,240,256,7840056,0,56,7840000,1,490000
cc_kernel_gpu,15441,1,1,240,256,56,0,56,0,1,490000
cc_kernel_cpu,6428,0,1,1,48,0,0,0,0,1,49000
cc_kernel_gpu_mem,13555,1,1,192,256,784056,0,56,784000,1,49000
cc_kernel_gpu,2969,1,1,192,256,56,0,56,0,1,49000
cc_kernel_cpu,611,0,1,1,48,0,0,0,0,1,491000
cc_kernel_gpu_mem,11833,1,1,240,256,7856056,0,56,7856000,1,491000
cc_kernel_gpu,2483,1,1,240,256,56,0,56,0,1,491000
cc_kernel_cpu,1530,0,1,1,48,0,0,0,0,1,492000
cc_kernel_gpu_mem,35587,1,1,240,256,7872056,0,56,7872000,1,492000
cc_kernel_gpu,6773,1,1,240,256,56,0,56,0,1,492000
cc_kernel_cpu,7447,0,1,1,48,0,0,0,0,1,493000
cc_kernel_gpu_mem,20344,1,1,240,256,7888056,0,56,7888000,1,493000
cc_kernel_gpu,5544,1,1,240,256,56,0,56,0,1,493000
cc_kernel_cpu,6655,0,1,1,48,0,0,0,0,1,494000
cc_kernel_gpu_mem,19669,1,1,240,256,7904056,0,56,7904000,1,494000
cc_kernel_gpu,7916,1,1,240,256,56,0,56,0,1,494000
cc_kernel_cpu,7530,0,1,1,48,0,0,0,0,1,495000
cc_kernel_gpu_mem,20744,1,1,240,256,7920056,0,56,7920000,1,495000
cc_kernel_gpu,9013,1,1,240,256,56,0,56,0,1,495000
cc_kernel_cpu,2593,0,1,1,48,0,0,0,0,1,496000
cc_kernel_gpu_mem,21226,1,1,240,256,7936056,0,56,7936000,1,496000
cc_kernel_gpu,7030,1,1,240,256,56,0,56,0,1,496000
cc_kernel_cpu,5635,0,1,1,48,0,0,0,0,1,497000
cc_kernel_gpu_mem,21817,1,1,240,256,7952056,0,56,7952000,1,497000
cc_kernel_gpu,8859,1,1,240,256,56,0,56,0,1,497000
cc_kernel_cpu,7529,0,1,1,48,0,0,0,0,1,498000
cc_kernel_gpu_mem,20239,1,1,240,256,7968056,0,56,7968000,1,498000
cc_kernel_gpu,7977,1,1,240,256,56,0,56,0,1,498000
cc_kernel_cpu,2345,0,1,1,48,0,0,0,0,1,499000
cc_kernel_gpu_mem,21317,1,1,240,256,7984056,0,56,7984000,1,499000
cc_kernel_gpu,3397,1,1,240,256,56,0,56,0,1,499000
cc_kernel_cpu,507,0,1,1,48,0,0,0,0,1,500000
cc_kernel_gpu_mem,21065,1,1,240,256,8000056,0,56,8000000,1,500000
cc_kernel_gpu,12093,1,1,240,256,56,0,56,0,1,500000
cc_kernel_cpu,6965,0,1,1,48,0,0,0,0,1,50000
cc_kernel_gpu_mem,6417,1,1,196,256,800056,0,56,800000,1,50000
cc_kernel_gpu,4926,1,1,196,256,56,0,56,0,1,50000
cc_kernel_cpu,422,0,1,1,48,0,0,0,0,1,5000
cc_kernel_gpu_mem,3615,1,1,20,256,80056,0,56,80000,1,5000
cc_kernel_gpu,2045,1,1,20,256,56,0,56,0,1,5000
cc_kernel_cpu,3589,0,1,1,48,0,0,0,0,1,501000
cc_kernel_gpu_mem,20204,1,1,240,256,8016056,0,56,8016000,1,501000
cc_kernel_gpu,7544,1,1,240,256,56,0,56,0,1,501000
cc_kernel_cpu,604,0,1,1,48,0,0,0,0,1,502000
cc_kernel_gpu_mem,16066,1,1,240,256,8032056,0,56,8032000,1,502000
cc_kernel_gpu,2418,1,1,240,256,56,0,56,0,1,502000
cc_kernel_cpu,1246,0,1,1,48,0,0,0,0,1,503000
cc_kernel_gpu_mem,21187,1,1,240,256,8048056,0,56,8048000,1,503000
cc_kernel_gpu,6234,1,1,240,256,56,0,56,0,1,503000
cc_kernel_cpu,5371,0,1,1,48,0,0,0,0,1,504000
cc_kernel_gpu_mem,19558,1,1,240,256,8064056,0,56,8064000,1,504000
cc_kernel_gpu,5874,1,1,240,256,56,0,56,0,1,504000
cc_kernel_cpu,3754,0,1,1,48,0,0,0,0,1,505000
cc_kernel_gpu_mem,20106,1,1,240,256,8080056,0,56,8080000,1,505000
cc_kernel_gpu,8203,1,1,240,256,56,0,56,0,1,505000
cc_kernel_cpu,6759,0,1,1,48,0,0,0,0,1,506000
cc_kernel_gpu_mem,21112,1,1,240,256,8096056,0,56,8096000,1,506000
cc_kernel_gpu,8696,1,1,240,256,56,0,56,0,1,506000
cc_kernel_cpu,2184,0,1,1,48,0,0,0,0,1,507000
cc_kernel_gpu_mem,30267,1,1,240,256,8112056,0,56,8112000,1,507000
cc_kernel_gpu,11184,1,1,240,256,56,0,56,0,1,507000
cc_kernel_cpu,3689,0,1,1,48,0,0,0,0,1,508000
cc_kernel_gpu_mem,20934,1,1,240,256,8128056,0,56,8128000,1,508000
cc_kernel_gpu,5827,1,1,240,256,56,0,56,0,1,508000
cc_kernel_cpu,5469,0,1,1,48,0,0,0,0,1,509000
cc_kernel_gpu_mem,23409,1,1,240,256,8144056,0,56,8144000,1,509000
cc_kernel_gpu,2568,1,1,240,256,56,0,56,0,1,509000
cc_kernel_cpu,8954,0,1,1,48,0,0,0,0,1,510000
cc_kernel_gpu_mem,21033,1,1,240,256,8160056,0,56,8160000,1,510000
cc_kernel_gpu,7780,1,1,240,256,56,0,56,0,1,510000
cc_kernel_cpu,364,0,1,1,48,0,0,0,0,1,51000
cc_kernel_gpu_mem,11292,1,1,200,256,816056,0,56,816000,1,51000
cc_kernel_gpu,5548,1,1,200,256,56,0,56,0,1,51000
cc_kernel_cpu,766,0,1,1,48,0,0,0,0,1,511000
cc_kernel_gpu_mem,12240,1,1,240,256,8176056,0,56,8176000,1,511000
cc_kernel_gpu,2567,1,1,240,256,56,0,56,0,1,511000
cc_kernel_cpu,7575,0,1,1,48,0,0,0,0,1,512000
cc_kernel_gpu_mem,21775,1,1,240,256,8192056,0,56,8192000,1,512000
cc_kernel_gpu,6682,1,1,240,256,56,0,56,0,1,512000
cc_kernel_cpu,4361,0,1,1,48,0,0,0,0,1,513000
cc_kernel_gpu_mem,21435,1,1,240,256,8208056,0,56,8208000,1,513000
cc_kernel_gpu,7836,1,1,240,256,56,0,56,0,1,513000
cc_kernel_cpu,8103,0,1,1,48,0,0,0,0,1,514000
cc_kernel_gpu_mem,22926,1,1,240,256,8224056,0,56,8224000,1,514000
cc_kernel_gpu,7529,1,1,240,256,56,0,56,0,1,514000
cc_kernel_cpu,4674,0,1,1,48,0,0,0,0,1,515000
cc_kernel_gpu_mem,21549,1,1,240,256,8240056,0,56,8240000,1,515000
cc_kernel_gpu,5968,1,1,240,256,56,0,56,0,1,515000
cc_kernel_cpu,695,0,1,1,48,0,0,0,0,1,516000
cc_kernel_gpu_mem,22179,1,1,240,256,8256056,0,56,8256000,1,516000
cc_kernel_gpu,9355,1,1,240,256,56,0,56,0,1,516000
cc_kernel_cpu,6521,0,1,1,48,0,0,0,0,1,517000
cc_kernel_gpu_mem,21038,1,1,240,256,8272056,0,56,8272000,1,517000
cc_kernel_gpu,8209,1,1,240,256,56,0,56,0,1,517000
cc_kernel_cpu,548,0,1,1,48,0,0,0,0,1,518000
cc_kernel_gpu_mem,12076,1,1,240,256,8288056,0,56,8288000,1,518000
cc_kernel_gpu,8049,1,1,240,256,56,0,56,0,1,518000
cc_kernel_cpu,6145,0,1,1,48,0,0,0,0,1,519000
cc_kernel_gpu_mem,19286,1,1,240,256,8304056,0,56,8304000,1,519000
cc_kernel_gpu,7297,1,1,240,256,56,0,56,0,1,519000
cc_kernel_cpu,8092,0,1,1,48,0,0,0,0,1,520000
cc_kernel_gpu_mem,20487,1,1,240,256,8320056,0,56,8320000,1,520000
cc_kernel_gpu,8619,1,1,240,256,56,0,56,0,1,520000
cc_kernel_cpu,36426,0,1,1,48,0,0,0,0,1,52000
cc_kernel_gpu_mem,4116,1,1,204,256,832056,0,56,832000,1,52000
cc_kernel_gpu,2333,1,1,204,256,56,0,56,0,1,52000
cc_kernel_cpu,4745,0,1,1,48,0,0,0,0,1,521000
cc_kernel_gpu_mem,20334,1,1,240,256,8336056,0,56,8336000,1,521000
cc_kernel_gpu,7733,1,1,240,256,56,0,56,0,1,521000
cc_kernel_cpu,4535,0,1,1,48,0,0,0,0,1,522000
cc_kernel_gpu_mem,20953,1,1,240,256,8352056,0,56,8352000,1,522000
cc_kernel_gpu,8348,1,1,240,256,56,0,56,0,1,522000
cc_kernel_cpu,7645,0,1,1,48,0,0,0,0,1,523000
cc_kernel_gpu_mem,21062,1,1,240,256,8368056,0,56,8368000,1,523000
cc_kernel_gpu,5858,1,1,240,256,56,0,56,0,1,523000
cc_kernel_cpu,1512,0,1,1,48,0,0,0,0,1,53000
cc_kernel_gpu_mem,4128,1,1,208,256,848056,0,56,848000,1,53000
cc_kernel_gpu,2441,1,1,208,256,56,0,56,0,1,53000
cc_kernel_cpu,3476,0,1,1,48,0,0,0,0,1,54000
cc_kernel_gpu_mem,6689,1,1,211,256,864056,0,56,864000,1,54000
cc_kernel_gpu,5253,1,1,211,256,56,0,56,0,1,54000
cc_kernel_cpu,1033,0,1,1,48,0,0,0,0,1,55000
cc_kernel_gpu_mem,10124,1,1,215,256,880056,0,56,880000,1,55000
cc_kernel_gpu,8523,1,1,215,256,56,0,56,0,1,55000
cc_kernel_cpu,2436,0,1,1,48,0,0,0,0,1,56000
cc_kernel_gpu_mem,6560,1,1,219,256,896056,0,56,896000,1,56000
cc_kernel_gpu,5075,1,1,219,256,56,0,56,0,1,56000
cc_kernel_cpu,6658,0,1,1,48,0,0,0,0,1,57000
cc_kernel_gpu_mem,16705,1,1,223,256,912056,0,56,912000,1,57000
cc_kernel_gpu,13172,1,1,223,256,56,0,56,0,1,57000
cc_kernel_cpu,13247,0,1,1,48,0,0,0,0,1,58000
cc_kernel_gpu_mem,9988,1,1,227,256,928056,0,56,928000,1,58000
cc_kernel_gpu,8772,1,1,227,256,56,0,56,0,1,58000
cc_kernel_cpu,4595,0,1,1,48,0,0,0,0,1,59000
cc_kernel_gpu_mem,6688,1,1,231,256,944056,0,56,944000,1,59000
cc_kernel_gpu,19711,1,1,231,256,56,0,56,0,1,59000
cc_kernel_cpu,10460,0,1,1,48,0,0,0,0,1,60000
cc_kernel_gpu_mem,6832,1,1,235,256,960056,0,56,960000,1,60000
cc_kernel_gpu,5163,1,1,235,256,56,0,56,0,1,60000
cc_kernel_cpu,1678,0,1,1,48,0,0,0,0,1,6000
cc_kernel_gpu_mem,6511,1,1,24,256,96056,0,56,96000,1,6000
cc_kernel_gpu,5251,1,1,24,256,56,0,56,0,1,6000
cc_kernel_cpu,4360,0,1,1,48,0,0,0,0,1,61000
cc_kernel_gpu_mem,4203,1,1,239,256,976056,0,56,976000,1,61000
cc_kernel_gpu,3917,1,1,239,256,56,0,56,0,1,61000
cc_kernel_cpu,7872,0,1,1,48,0,0,0,0,1,62000
cc_kernel_gpu_mem,9980,1,1,240,256,992056,0,56,992000,1,62000
cc_kernel_gpu,8773,1,1,240,256,56,0,56,0,1,62000
cc_kernel_cpu,16113,0,1,1,48,0,0,0,0,1,63000
cc_kernel_gpu_mem,4135,1,1,240,256,1008056,0,56,1008000,1,63000
cc_kernel_gpu,2489,1,1,240,256,56,0,56,0,1,63000
cc_kernel_cpu,302,0,1,1,48,0,0,0,0,1,64000
cc_kernel_gpu_mem,4188,1,1,240,256,1024056,0,56,1024000,1,64000
cc_kernel_gpu,2444,1,1,240,256,56,0,56,0,1,64000
cc_kernel_cpu,13364,0,1,1,48,0,0,0,0,1,65000
cc_kernel_gpu_mem,6531,1,1,240,256,1040056,0,56,1040000,1,65000
cc_kernel_gpu,4942,1,1,240,256,56,0,56,0,1,65000
cc_kernel_cpu,2402,0,1,1,48,0,0,0,0,1,66000
cc_kernel_gpu_mem,9176,1,1,240,256,1056056,0,56,1056000,1,66000
cc_kernel_gpu,2465,1,1,240,256,56,0,56,0,1,66000
cc_kernel_cpu,11162,0,1,1,48,0,0,0,0,1,67000
cc_kernel_gpu_mem,6730,1,1,240,256,1072056,0,56,1072000,1,67000
cc_kernel_gpu,5338,1,1,240,256,56,0,56,0,1,67000
cc_kernel_cpu,10177,0,1,1,48,0,0,0,0,1,68000
cc_kernel_gpu_mem,6560,1,1,240,256,1088056,0,56,1088000,1,68000
cc_kernel_gpu,5463,1,1,240,256,56,0,56,0,1,68000
cc_kernel_cpu,18913,0,1,1,48,0,0,0,0,1,69000
cc_kernel_gpu_mem,6826,1,1,240,256,1104056,0,56,1104000,1,69000
cc_kernel_gpu,5546,1,1,240,256,56,0,56,0,1,69000
cc_kernel_cpu,2494,0,1,1,48,0,0,0,0,1,70000
cc_kernel_gpu_mem,5760,1,1,240,256,1120056,0,56,1120000,1,70000
cc_kernel_gpu,5375,1,1,240,256,56,0,56,0,1,70000
cc_kernel_cpu,31769,0,1,1,48,0,0,0,0,1,7000
cc_kernel_gpu_mem,4145,1,1,28,256,112056,0,56,112000,1,7000
cc_kernel_gpu,4683,1,1,28,256,56,0,56,0,1,7000
cc_kernel_cpu,3536,0,1,1,48,0,0,0,0,1,71000
cc_kernel_gpu_mem,4011,1,1,240,256,1136056,0,56,1136000,1,71000
cc_kernel_gpu,2302,1,1,240,256,56,0,56,0,1,71000
cc_kernel_cpu,8657,0,1,1,48,0,0,0,0,1,72000
cc_kernel_gpu_mem,9906,1,1,240,256,1152056,0,56,1152000,1,72000
cc_kernel_gpu,16816,1,1,240,256,56,0,56,0,1,72000
cc_kernel_cpu,11471,0,1,1,48,0,0,0,0,1,73000
cc_kernel_gpu_mem,4769,1,1,240,256,1168056,0,56,1168000,1,73000
cc_kernel_gpu,4966,1,1,240,256,56,0,56,0,1,73000
cc_kernel_cpu,14190,0,1,1,48,0,0,0,0,1,74000
cc_kernel_gpu_mem,6666,1,1,240,256,1184056,0,56,1184000,1,74000
cc_kernel_gpu,4907,1,1,240,256,56,0,56,0,1,74000
cc_kernel_cpu,13162,0,1,1,48,0,0,0,0,1,75000
cc_kernel_gpu_mem,12832,1,1,240,256,1200056,0,56,1200000,1,75000
cc_kernel_gpu,12668,1,1,240,256,56,0,56,0,1,75000
cc_kernel_cpu,6945,0,1,1,48,0,0,0,0,1,76000
cc_kernel_gpu_mem,6687,1,1,240,256,1216056,0,56,1216000,1,76000
cc_kernel_gpu,5407,1,1,240,256,56,0,56,0,1,76000
cc_kernel_cpu,13915,0,1,1,48,0,0,0,0,1,77000
cc_kernel_gpu_mem,6505,1,1,240,256,1232056,0,56,1232000,1,77000
cc_kernel_gpu,5098,1,1,240,256,56,0,56,0,1,77000
cc_kernel_cpu,9621,0,1,1,48,0,0,0,0,1,78000
cc_kernel_gpu_mem,4220,1,1,240,256,1248056,0,56,1248000,1,78000
cc_kernel_gpu,2500,1,1,240,256,56,0,56,0,1,78000
cc_kernel_cpu,2278,0,1,1,48,0,0,0,0,1,79000
cc_kernel_gpu_mem,6736,1,1,240,256,1264056,0,56,1264000,1,79000
cc_kernel_gpu,5323,1,1,240,256,56,0,56,0,1,79000
cc_kernel_cpu,7904,0,1,1,48,0,0,0,0,1,80000
cc_kernel_gpu_mem,4081,1,1,240,256,1280056,0,56,1280000,1,80000
cc_kernel_gpu,2313,1,1,240,256,56,0,56,0,1,80000
cc_kernel_cpu,19521,0,1,1,48,0,0,0,0,1,8000
cc_kernel_gpu_mem,3617,1,1,32,256,128056,0,56,128000,1,8000
cc_kernel_gpu,2109,1,1,32,256,56,0,56,0,1,8000
cc_kernel_cpu,237,0,1,1,48,0,0,0,0,1,81000
cc_kernel_gpu_mem,4272,1,1,240,256,1296056,0,56,1296000,1,81000
cc_kernel_gpu,2527,1,1,240,256,56,0,56,0,1,81000
cc_kernel_cpu,15757,0,1,1,48,0,0,0,0,1,82000
cc_kernel_gpu_mem,35012,1,1,240,256,1312056,0,56,1312000,1,82000
cc_kernel_gpu,9524,1,1,240,256,56,0,56,0,1,82000
cc_kernel_cpu,5485,0,1,1,48,0,0,0,0,1,83000
cc_kernel_gpu_mem,4242,1,1,240,256,1328056,0,56,1328000,1,83000
cc_kernel_gpu,2472,1,1,240,256,56,0,56,0,1,83000
cc_kernel_cpu,18582,0,1,1,48,0,0,0,0,1,84000
cc_kernel_gpu_mem,10993,1,1,240,256,1344056,0,56,1344000,1,84000
cc_kernel_gpu,2517,1,1,240,256,56,0,56,0,1,84000
cc_kernel_cpu,15064,0,1,1,48,0,0,0,0,1,85000
cc_kernel_gpu_mem,9756,1,1,240,256,1360056,0,56,1360000,1,85000
cc_kernel_gpu,11689,1,1,240,256,56,0,56,0,1,85000
cc_kernel_cpu,6795,0,1,1,48,0,0,0,0,1,86000
cc_kernel_gpu_mem,6835,1,1,240,256,1376056,0,56,1376000,1,86000
cc_kernel_gpu,5362,1,1,240,256,56,0,56,0,1,86000
cc_kernel_cpu,459,0,1,1,48,0,0,0,0,1,87000
cc_kernel_gpu_mem,10402,1,1,240,256,1392056,0,56,1392000,1,87000
cc_kernel_gpu,5442,1,1,240,256,56,0,56,0,1,87000
cc_kernel_cpu,6979,0,1,1,48,0,0,0,0,1,88000
cc_kernel_gpu_mem,6675,1,1,240,256,1408056,0,56,1408000,1,88000
cc_kernel_gpu,5260,1,1,240,256,56,0,56,0,1,88000
cc_kernel_cpu,5110,0,1,1,48,0,0,0,0,1,89000
cc_kernel_gpu_mem,4104,1,1,240,256,1424056,0,56,1424000,1,89000
cc_kernel_gpu,2286,1,1,240,256,56,0,56,0,1,89000
cc_kernel_cpu,10990,0,1,1,48,0,0,0,0,1,90000
cc_kernel_gpu_mem,4181,1,1,240,256,1440056,0,56,1440000,1,90000
cc_kernel_gpu,2483,1,1,240,256,56,0,56,0,1,90000
cc_kernel_cpu,10086,0,1,1,48,0,0,0,0,1,9000
cc_kernel_gpu_mem,3461,1,1,36,256,144056,0,56,144000,1,9000
cc_kernel_gpu,1927,1,1,36,256,56,0,56,0,1,9000
cc_kernel_cpu,8266,0,1,1,48,0,0,0,0,1,91000
cc_kernel_gpu_mem,6611,1,1,240,256,1456056,0,56,1456000,1,91000
cc_kernel_gpu,5217,1,1,240,256,56,0,56,0,1,91000
cc_kernel_cpu,2842,0,1,1,48,0,0,0,0,1,92000
cc_kernel_gpu_mem,6935,1,1,240,256,1472056,0,56,1472000,1,92000
cc_kernel_gpu,5455,1,1,240,256,56,0,56,0,1,92000
cc_kernel_cpu,2622,0,1,1,48,0,0,0,0,1,93000
cc_kernel_gpu_mem,6668,1,1,240,256,1488056,0,56,1488000,1,93000
cc_kernel_gpu,5080,1,1,240,256,56,0,56,0,1,93000
cc_kernel_cpu,7498,0,1,1,48,0,0,0,0,1,94000
cc_kernel_gpu_mem,6751,1,1,240,256,1504056,0,56,1504000,1,94000
cc_kernel_gpu,5367,1,1,240,256,56,0,56,0,1,94000
cc_kernel_cpu,9845,0,1,1,48,0,0,0,0,1,95000
cc_kernel_gpu_mem,4150,1,1,240,256,1520056,0,56,1520000,1,95000
cc_kernel_gpu,2439,1,1,240,256,56,0,56,0,1,95000
cc_kernel_cpu,6515,0,1,1,48,0,0,0,0,1,96000
cc_kernel_gpu_mem,15337,1,1,240,256,1536056,0,56,1536000,1,96000
cc_kernel_gpu,7558,1,1,240,256,56,0,56,0,1,96000
cc_kernel_cpu,307,0,1,1,48,0,0,0,0,1,97000
cc_kernel_gpu_mem,4237,1,1,240,256,1552056,0,56,1552000,1,97000
cc_kernel_gpu,2356,1,1,240,256,56,0,56,0,1,97000
cc_kernel_cpu,311,0,1,1,48,0,0,0,0,1,98000
cc_kernel_gpu_mem,4435,1,1,240,256,1568056,0,56,1568000,1,98000
cc_kernel_gpu,5188,1,1,240,256,56,0,56,0,1,98000
cc_kernel_cpu,5952,0,1,1,48,0,0,0,0,1,99000
cc_kernel_gpu_mem,12703,1,1,240,256,1584056,0,56,1584000,1,99000
cc_kernel_gpu,2502,1,1,240,256,56,0,56,0,1,99000
cc_kernel_cpu,4007,0,1,1,48,0,0,0,0,1,225000
cc_kernel_gpu_mem,11392,1,1,240,256,3600056,0,56,3600000,1,225000
cc_kernel_gpu,2526,1,1,240,256,56,0,56,0,1,225000
